Workbook

Sheet Kangatang

Sheet BIA
B3: TẬP ĐOÀN CN THAN – KS VIỆT NAM | H3: CỘNG HÒA XÃ HỘI CHỦ NGHĨA VIỆT NAM
B4: CÔNG TY THAN DƯƠNG HUY-TKV | H4: Độc lập – Tự do – Hạnh phúc
J6: Quảng Ninh, ngày tháng 10 năm 2026
B12: KẾ HOẠCH SẢN XUẤT NĂM 2027
B14: (Kèm theo QĐ số: /QĐ-KCM ngày / /2026)
B18: Phòng KCM Phòng CV Phòng TĐ Phòng ĐK PGĐ SX PGĐ Cơ điện PGĐ Kỹ thuật
B22: Nguyễn Văn Thúy Nguyễn Văn Hương Đặng Văn Thiện Phạm Văn Thương Nguyễn Chí Trưởng Bùi Xuân Phương Trần Quang Vinh
B24: Nơi nhận:
B25: - Các Đ/c PGĐ (e-copy);
B26: - Các phòng ban (e-copy);
B27: - Phân xưởng (e-copy);
B28: - Khối đảng đoàn thể (e-copy);
B29: - Lưu: KCM, VP.

Sheet TONG_HOP
A1: PHỤ LỤC 1: CÁC CHỈ TIÊU KTCN CHỦ YẾU NĂM 2027
A3: TT | B3: TÊN CHỈ TIÊU | C3: ĐƠN VỊ TÍNH | D3: Khối lượng KH 2027 | E3: GHI CHÚ
A4: A | B4: SẢN LƯỢNG | E4: 0.0499999 | F4: IN
A5: I | B5: THAN NGUYÊN KHAI | C5: Tấn | D5: =D6 -> 2500000 | F5: IN
A6: 2 | B6: Than nguyên khai hầm lò | C6: Tấn | D6: =D7+D12 -> 2500000 | F6: IN
A7: 2.1 | B7: Than lò chợ: | C7: Tấn | D7: =SUM(D8:D11) -> 2216300 | F7: IN
B8: + Lò chợ máy khấu | C8: Tấn | D8: =SUMIFS(KH_LC!$V$22:$V$186,KH_LC!$K$22:$K$186,"CGH")+SUMIFS(KH_LC!$V$22:$V$186,KH_LC!$K$22:$K$186,"CGHD") -> 780000 | F8: IN
B9: + Lò chợ giá khung, giá xích | C9: Tấn | D9: =SUMIFS(KH_LC!$V$22:$V$186,KH_LC!$K$22:$K$186,"GK")+SUMIFS(KH_LC!$V$22:$V$186,KH_LC!$K$22:$K$186,"GX") -> 1281200 | F9: IN
B10: + Lò chợ giàn mềm | C10: Tấn | D10: =SUMIFS(KH_LC!$V$22:$V$186,KH_LC!$K$22:$K$186,"ZRY") -> 155100 | F10: IN
B11: + Khai thác lò dọc vỉa phân tầng, ngang nghiêng | C11: Tấn | F11: IN
A12: 2.2 | B12: Than đào lò, xén lò: | C12: Tấn | D12: =D13+D14 -> 283700 | F12: IN
B13: + Than đào lò chuẩn bị sản xuất | C13: Tấn | D13: =TH_PX2027!F8 -> 273000 | F13: IN
B14: + Than xén lò | C14: Tấn | D14: =TH_PX2027!G8 -> 10700 | F14: IN
A15: 3 | B15: Độ tro bình quân than nguyên khai | C15: % | F15: IN
A16: - | B16: Độ tro bình quân than nguyên khai hầm lò | C16: % | F16: IN
A17: 2 | B17: Mét lò CBSX | C17: m | D17: =KH_ĐL!I14 -> 25400 | F17: IN
A18: 2.1 | B18: Theo tính chất đất đá | F18: IN
B19: + Lò đá | C19: m | D19: =KH_ĐL!J14 -> 8421 | F19: IN
B20: * Tiết diện bình quân lò đá | C20: m2 | D20: {=SUMPRODUCT((KH_ĐL!$CE$18:$CE$412="Lò")*KH_ĐL!$G$18:$G$412*KH_ĐL!$J$18:$J$412)/D19} -> 16.960017 | F20: IN
B21: + Lò than | C21: m | D21: =KH_ĐL!K14 -> 16979 | F21: IN
B22: * Tiết diện bình quân lò than | C22: m2 | D22: {=SUMPRODUCT((KH_ĐL!$CE$18:$CE$412="Lò")*KH_ĐL!$G$18:$G$412*KH_ĐL!$K$18:$K$412)/D21} -> 13.209341 | F22: IN
B23: + Mét lò đào CGH đồng bộ (máy Combai) | C23: m | D23: =KH_ĐL!I417 -> 1500 | F23: IN
B24: + Mét lò đào bán CGH (xe khoan + máy xúc) | C24: m | D24: =KH_ĐL!I419 -> 1600 | F24: IN
A25: 2.2 | B25: Theo vật liệu chống | D25: =SUM(D26:D28) -> 25400 | F25: IN
B26: + Mét lò chống neo | C26: m | D26: =SUMIFS(KH_ĐL!$I$18:$I$412,KH_ĐL!$CE$18:$CE$412,"Lò",KH_ĐL!$D$18:$D$412,"Neo") -> 1756 | F26: IN
B27: + Mét lò chống sắt | C27: m | D27: =SUMIFS(KH_ĐL!$I$18:$I$412,KH_ĐL!$CE$18:$CE$412,"Lò",KH_ĐL!$D$18:$D$412,"Thép") -> 22692 | F27: IN
B28: + Mét lò chống gỗ | C28: m | D28: =SUMIFS(KH_ĐL!$I$18:$I$412,KH_ĐL!$CE$18:$CE$412,"Lò",KH_ĐL!$D$18:$D$412,"Gỗ") -> 952 | F28: IN
A29: 2.3 | B29: Theo công đoạn sản xuất | C29: m | D29: =D30+D39 -> 25400 | F29: IN
A30: * | B30: Lò than: | C30: m | D30: =D31+D34+D37 -> 16979 | F30: IN
B31: -Lò than chống sắt: | C31: " | D31: =SUMIFS(KH_ĐL!$K$18:$K$412,KH_ĐL!$CE$18:$CE$412,"Lò",KH_ĐL!$D$18:$D$412,"Thép") -> 14609 | F31: IN
B32: Trong đó: + Tiết diện bình quân | C32: m2 | D32: {=SUMPRODUCT((KH_ĐL!$CE$18:$CE$412="Lò")*(KH_ĐL!$D$18:$D$412="Thép")*KH_ĐL!$G$18:$G$412*KH_ĐL!$K$18:$K$412)/D31} -> 13.784735 | F32: IN
B33: + Đào CGH đồng bộ (máy combai) | C33: m | D33: =SUMIFS(KH_ĐL!$K$18:$K$412,KH_ĐL!$CE$18:$CE$412,"Lò",KH_ĐL!$D$18:$D$412,"Thép",KH_ĐL!$E$18:$E$412,"EBH") -> 1340 | F33: IN
B34: -Lò than chống neo: | C34: m | D34: =SUMIFS(KH_ĐL!$K$18:$K$412,KH_ĐL!$CE$18:$CE$412,"Lò",KH_ĐL!$D$18:$D$412,"Neo") -> 1471 | F34: IN
B35: Trong đó: + Tiết diện bình quân | C35: m2 | D35: {=SUMPRODUCT((KH_ĐL!$CE$18:$CE$412="Lò")*(KH_ĐL!$D$18:$D$412="Neo")*KH_ĐL!$G$18:$G$412*KH_ĐL!$K$18:$K$412)/D34} -> 12.267573 | F35: IN
B36: + Đào CGH đồng bộ (máy combai) | C36: m | D36: =SUMIFS(KH_ĐL!$K$18:$K$412,KH_ĐL!$CE$18:$CE$412,"Lò",KH_ĐL!$D$18:$D$412,"Neo",KH_ĐL!$E$18:$E$412,"EBH") -> 0 | F36: IN
B37: -Lò than chống gỗ: | C37: m | D37: =SUMIFS(KH_ĐL!$K$18:$K$412,KH_ĐL!$CE$18:$CE$412,"Lò",KH_ĐL!$D$18:$D$412,"Gỗ") -> 899 | F37: IN
B38: + Tiết diện bình quân | C38: m2 | D38: {=SUMPRODUCT((KH_ĐL!$CE$18:$CE$412="Lò")*(KH_ĐL!$D$18:$D$412="Gỗ")*KH_ĐL!$G$18:$G$412*KH_ĐL!$K$18:$K$412)/D37} -> 5.4 | F38: IN
A39: * | B39: Lò đá: | C39: m | D39: =D40+D46+D52 -> 8421 | F39: IN
B40: -Lò đá chống sắt: | C40: m | D40: =SUMIFS(KH_ĐL!$J$18:$J$412,KH_ĐL!$CE$18:$CE$412,"Lò",KH_ĐL!$D$18:$D$412,"Thép") -> 8083 | F40: IN
B41: Trong đó: + Tiết diện bình quân | C41: m2 | D41: {=SUMPRODUCT((KH_ĐL!$CE$18:$CE$412="Lò")*(KH_ĐL!$D$18:$D$412="Thép")*KH_ĐL!$G$18:$G$412*KH_ĐL!$J$18:$J$412)/D40} -> 17.233527 | F41: IN
B42: + Độ cứng đất đá (b/quân gia quyền) | C42: f | F42: IN
B43: +f= 4÷6 | C43: m | F43: IN
B44: +f>8 | C44: m | F44: IN
B45: + Đào bán CGH (xe khoan + xúc máy) | C45: m | F45: IN
B46: -Lò đá chống neo: | C46: m | D46: =SUMIFS(KH_ĐL!$J$18:$J$412,KH_ĐL!$CE$18:$CE$412,"Lò",KH_ĐL!$D$18:$D$412,"Neo") -> 285 | F46: IN
B47: Trong đó: + Tiết diện bình quân | C47: m2 | D47: {=SUMPRODUCT((KH_ĐL!$CE$18:$CE$412="Lò")*(KH_ĐL!$D$18:$D$412="Neo")*KH_ĐL!$G$18:$G$412*KH_ĐL!$J$18:$J$412)/D46} -> 11.352632 | F47: IN
B48: + Độ cứng đất đá (b/quân gia quyền) | C48: f | F48: IN
B49: +f=4÷6 | C49: m | D49: =D46 -> 285 | F49: IN
B50: +f=6÷8 | C50: m | F50: IN
B51: +f>8 | C51: m | F51: IN
B52: -Lò đá chống gỗ: | C52: m | D52: =SUMIFS(KH_ĐL!$J$18:$J$412,KH_ĐL!$CE$18:$CE$412,"Lò",KH_ĐL!$D$18:$D$412,"Gỗ") -> 53 | F52: IN
A53: 3 | B53: Mét lò đặt ray | C53: m | F53: IN
A54: IV | B54: MÉT LÒ XÉN | C54: m | D54: =KH_ĐL!I15 -> 7500 | F54: IN
A55: * | B55: Trong đó: | C55: m | F55: IN
B56: + Thuê ngoài | C56: m | D56: =SUMIFS(KH_ĐL!$I$18:$I$412,KH_ĐL!$CF$18:$CF$412,"TN.Xé") -> 2867 | F56: IN
B57: + Tự làm | C57: m | D57: =D54-D56 -> 4633 | F57: IN
A58: a | B58: Theo tính chất đất đá | C58: m | D58: =D59+D60 -> 7500 | F58: IN
B59: Trong đó:+ Xén lò trong đá | C59: m | D59: =KH_ĐL!J15 -> 4086 | F59: IN
B60: + Xén lò trong than | C60: m | D60: =KH_ĐL!K15 -> 3414 | F60: IN
A61: b | B61: Theo công đoạn sản xuất | C61: m | D61: =SUM(D62:D66) -> 7500 | F61: IN
B62: Trong đó: + Xén lò than chống sắt | C62: m | D62: =SUMIFS(KH_ĐL!$K$18:$K$412,KH_ĐL!$CE$18:$CE$412,"Xé",KH_ĐL!$D$18:$D$412,"Thép") -> 3414 | F62: IN
B63: + Xén lò đá chống sắt | C63: m | D63: =SUMIFS(KH_ĐL!$J$18:$J$412,KH_ĐL!$CE$18:$CE$412,"Xé",KH_ĐL!$D$18:$D$412,"Thép") -> 4086 | F63: IN
B64: + Xén lò than chống neo | C64: m | D64: =SUMIFS(KH_ĐL!$K$18:$K$412,KH_ĐL!$CE$18:$CE$412,"Xé",KH_ĐL!$D$18:$D$412,"Neo") -> 0 | F64: IN
B65: + Xén lò đá chống neo | C65: m | D65: =SUMIFS(KH_ĐL!$J$18:$J$412,KH_ĐL!$CE$18:$CE$412,"Xé",KH_ĐL!$D$18:$D$412,"Neo") -> 0 | F65: IN
B66: + Xén lò than chống gỗ | C66: m | D66: =SUMIFS(KH_ĐL!$K$18:$K$412,KH_ĐL!$CE$18:$CE$412,"Xé",KH_ĐL!$D$18:$D$412,"Gỗ") -> 0 | F66: IN
A67: c | B67: Theo vật liệu chống | D67: =SUM(D68:D70) -> 7500 | F67: IN
B68: + Mét lò xén chống sắt | D68: =SUMIFS(KH_ĐL!$I$18:$I$412,KH_ĐL!$CE$18:$CE$412,"Xé",KH_ĐL!$D$18:$D$412,"Thép") -> 7500 | F68: IN
B69: + Mét lò xén chống neo | C69: m | D69: =SUMIFS(KH_ĐL!$I$18:$I$412,KH_ĐL!$CE$18:$CE$412,"Xé",KH_ĐL!$D$18:$D$412,"Neo") -> 0 | F69: IN
B70: + Mét lò xén chống gỗ | C70: m | D70: =SUMIFS(KH_ĐL!$I$18:$I$412,KH_ĐL!$CE$18:$CE$412,"Xé",KH_ĐL!$D$18:$D$412,"Gỗ") -> 0 | F70: IN
A71: B | B71: CHỈ TIÊU CÔNG NGHỆ | F71: IN
A72: 1 | B72: Hệ số bóc đất sản xuất | C72: m3/tấn | F72: IN
A73: 2 | B73: Hệ số mét lò CBSX | C73: m/1000tấn | D73: =D17/D5*1000 -> 10.16 | F73: IN
A74: 3 | B74: Hệ số thu hồi than sạch | C74: % | F74: IN
B75: - Hệ số thu hồi Tiêu chuẩn quốc gia (TCVN) | C75: " | F75: IN
B76: - Hệ số thu hồi Tiêu chuẩn cơ sở (TCCS) | C76: " | F76: IN
A77: 4 | B77: Tổn thất khai thác | F77: IN
B78: Tổn thất khai thác hầm lò | C78: % | F78: IN
A79: 5 | B79: Thể trọng than nguyên khai | C79: Tấn/m3 | D79: =D80 -> 1.6233795 | F79: IN
B80: -Thể trọng than nguyên khai hầm lò | C80: Tấn/m3 | D80: {=SUMPRODUCT((KH_LC!$K$22:$K$186<>"")*(KH_LC!$K$22:$K$186<>"ĐX"),KH_LC!$I$22:$I$186,KH_LC!$V$22:$V$186)/D7} -> 1.6233795 | F80: IN
A81: 6 | B81: Thể trọng đất đá | C81: tấn/m3 | F81: IN
B82: -Hầm lò | C82: tấn/m3 | F82: IN
A83: 7 | B83: Cung độ vân chuyển | F83: IN
B84: - Than trong lò | C84: " | F84: IN
B85: - Đất đá trong lò | C85: " | F85: IN
B86: - Đất đá đào lò vận chuyển ngoài MB | C86: " | F86: IN
B87: - Than lò ngoài mặt bằng | C87: " | F87: IN
B88: -Vận chuyển than tiêu thụ | C88: " | F88: IN
A89: 9 | B89: Mức tiêu hao vật tư chủ yếu | F89: IN
A90: * | B90: Tiêu hao thuốc nổ trong hầm lò | C90: kg/103T | F90: IN
B91: Trong đó: +Khai thác lò chợ | C91: kg/103T | F91: IN
B92: +Đào lò than | C92: kg/m | F92: IN
B93: +Đào lò đá | C93: kg/m | F93: IN
B94: +Xén lò | C94: kg/m | F94: IN
A95: * | B95: Tiêu hao gỗ khai thác hầm lò | C95: m3/103T | F95: IN
B96: Trong đó: +Lò chợ | C96: m3/103T | F96: IN
B97: +Lò CBSX chống gỗ | C97: m3/mlò | F97: IN
B98: +Lò CBSX chống sắt | C98: m3/mlò | F98: IN
B99: +Lò xén chống sắt | C99: m3/mlò | F99: IN
A100: * | B100: Tiêu hao thép chống lò | C100: kg/m | F100: IN
A101: * | B101: Tiêu hao điện năng | C101: kW/tấn | F101: IN
...

Sheet TH_PX2027
A1: CÔNG TY THAN DƯƠNG HUY-TKV | AO1: CÔNG TY THAN DƯƠNG HUY-TKV
A2: TỔNG HỢP MÉT LÒ, TẤN THAN NĂM 2027 | AO2: TỔNG HỢP MÉT LÒ, TẤN THAN NĂM 2025 | AY2: =2400000-AS8-AT8-AR8 -> 0.05 | AZ2: NĂM 2024
D4: =2500000-D8 -> 0 | H4: =2500000-D8 -> 0 | J4: =7500-J8 -> 0 | AH4: =AH8+AB8 -> 1200400
A5: Stt | C5: Tên PX | D5: SL (tấn) | E5: SL năm 2027 | H5: Mét lò năm 2027 | K5: QI-2026 | Q5: QII-2026 | V5: Tổng 6T-2026 | AB5: QIII-2026 | AH5: QIV-2026 | AM5: Ghi chú | AO5: Stt | AP5: Tên PX | AQ5: SL (tấn) | AR5: Sản lượng (tấn) | AU5: Mét lò (m) | AX5: Tổng đào+xén | BA5: Tên PX | BB5: Cộng sản lượng (tấn) | BC5: Sản lượng (tấn) | BG5: Mét lò (m) | BK5: Ghi chú
F6: ĐL | G6: XL | I6: ĐL | J6: XL | L6: KT Lò chợ | M6: SL đào, xén lò | N6: ĐL | O6: XL | R6: KT Lò chợ | S6: SL đào, xén lò | T6: ĐL | U6: XL | V6: Sản lượng | X6: M.đào | Z6: M.xén | AC6: KT Lò chợ | AD6: SL đào, xén lò | AE6: ĐL | AF6: XL | AI6: KT Lò chợ | AJ6: SL đào, xén lò | AK6: ĐL | AL6: XL
E7: L.Chợ | F7: Đ.Lò | G7: X.lò | H7: Tổng | I7: Đào | J7: Xén | K7: SL | N7: Mét đào | O7: Mét xén | Q7: SL | T7: Mét đào | U7: Mét xén | V7: SL | W7: % | X7: M.đào | Y7: % | Z7: M.xén | AA7: % | AB7: SL | AE7: Mét đào | AF7: Mét xén | AH7: SL | AK7: Mét đào | AL7: Mét xén | AR7: Than chợ | AS7: Lò CBSX | AT7: Xén lò | AU7: CBSX | AV7: Neo | AW7: Xén | BC7: Than chợ | BD7: Lò CBSX | BE7: Xén lò | BF7: Đ.lò CN | BG7: CBSX | BH7: Neo | BI7: Xén | BJ7: CN
C8: CỘNG | D8: =SUM(D9:D28) -> 2500000 | E8: =SUM(E9:E28) -> 2216300 | F8: =SUM(F9:F28) -> 273000 | G8: =SUM(G9:G28) -> 10700 | H8: =SUM(H9:H28) -> 32900 | I8: =SUM(I9:I28) -> 25400 | J8: =SUM(J9:J28) -> 7500 | K8: =SUM(K9:K28)+200 -> 623000 | L8: =SUM(L9:L28) -> 551200 | M8: =SUM(M9:M28) -> 71900 | N8: =SUM(N9:N28) -> 6460 | O8: =SUM(O9:O28) -> 1939 | P8: =SUM(P9:P28) -> 0 | Q8: =SUM(Q9:Q28)+400 -> 676300 | R8: =SUM(R9:R28) -> 592600 | S8: =SUM(S9:S28) -> 83300 | T8: =SUM(T9:T28) -> 7250 | U8: =SUM(U9:U28) -> 2058 | V8: =K8+Q8 -> 1299300 | W8: =V8*100/D8 -> 51.972 | X8: =N8+T8 -> 13710 | Y8: =X8*100/I8 -> 53.976378 | Z8: =O8+U8 -> 3997 | AA8: =Z8*100/J8 -> 53.293333 | AB8: =SUM(AB9:AB28) -> 606100 | AC8: =SUM(AC9:AC28) -> 531400 | AD8: =SUM(AD9:AD28) -> 74700 | AE8: =SUM(AE9:AE28) -> 6693 | AF8: =SUM(AF9:AF28) -> 1828 | AG8: =SUM(AG9:AG28) -> 0 | AH8: =SUM(AH9:AH28)-600 -> 594300 | AI8: =SUM(AI9:AI28) -> 541100 | AJ8: =SUM(AJ9:AJ28) -> 53800 | AK8: =SUM(AK9:AK28) -> 4997 | AL8: =SUM(AL9:AL28) -> 1600 | AN8: % | AP8: CỘNG | AQ8: 2400000 | AR8: 2106000 | AS8: 281530 | AT8: 12469.95 | AU8: 25409.9 | AV8: 2004 | AW8: 7300 | BA8: CỘNG | BB8: 2500000.3 | BC8: 2211100 | BD8: 275300 | BE8: 13600.32 | BF8: 0 | BG8: 26325 | BH8: 2842 | BI8: 7300 | BJ8: 0
A9: 1 | B9: KT1. | C9: PX Than 1 | D9: =SUM(E9:G9) -> 179000 | E9: =SUM(L9,R9,AC9,AI9) -> 170100 | F9: =SUMIFS(KH_ĐL!$L:$L,KH_ĐL!$CF:$CF,$B9&F$6) -> 8700 | G9: =SUMIFS(KH_ĐL!$L:$L,KH_ĐL!$CF:$CF,$B9&G$6) -> 200 | H9: =SUM(I9:J9) -> 1001 | I9: =SUMIFS(KH_ĐL!$I:$I,KH_ĐL!$CF:$CF,$B9&I$6) -> 896 | J9: =SUMIFS(KH_ĐL!$I:$I,KH_ĐL!$CF:$CF,$B9&J$6) -> 105 | K9: =SUM(L9:M9) -> 44700 | L9: =SUMIFS(KH_LC!$AA:$AA,KH_LC!$AQ:$AQ,$B9&L$6) -> 41800 | M9: =SUMIFS(KH_LC!$AA:$AA,KH_LC!$AQ:$AQ,$B9&M$6) -> 2900 | N9: =SUMIFS(KH_ĐL!$V:$V,KH_ĐL!$CF:$CF,$B9&N$6) -> 290 | O9: =SUMIFS(KH_ĐL!$V:$V,KH_ĐL!$CF:$CF,$B9&O$6) -> 40 | Q9: =SUM(R9:S9) -> 49100 | R9: =SUMIFS(KH_LC!$AE:$AE,KH_LC!$AQ:$AQ,$B9&R$6) -> 47300 | S9: =SUMIFS(KH_LC!$AE:$AE,KH_LC!$AQ:$AQ,$B9&S$6) -> 1800 | T9: =SUMIFS(KH_ĐL!$AH:$AH,KH_ĐL!$CF:$CF,$B9&T$6) -> 195 | U9: =SUMIFS(KH_ĐL!$AH:$AH,KH_ĐL!$CF:$CF,$B9&U$6) -> 0 | V9: =K9+Q9 -> 93800 | X9: =N9+T9 -> 485 | Z9: =O9+U9 -> 40 | AB9: =SUM(AC9:AD9) -> 44100 | AC9: =SUMIFS(KH_LC!$AI:$AI,KH_LC!$AQ:$AQ,$B9&AC$6) -> 41400 | AD9: =SUMIFS(KH_LC!$AI:$AI,KH_LC!$AQ:$AQ,$B9&AD$6) -> 2700 | AE9: =SUMIFS(KH_ĐL!$AT:$AT,KH_ĐL!$CF:$CF,$B9&AE$6) -> 271 | AF9: =SUMIFS(KH_ĐL!$AT:$AT,KH_ĐL!$CF:$CF,$B9&AF$6) -> 0 | AH9: =SUM(AI9:AJ9) -> 41100 | AI9: =SUMIFS(KH_LC!$AM:$AM,KH_LC!$AQ:$AQ,$B9&AI$6) -> 39600 | AJ9: =SUMIFS(KH_LC!$AM:$AM,KH_LC!$AQ:$AQ,$B9&AJ$6) -> 1500 | AK9: =SUMIFS(KH_ĐL!$BF:$BF,KH_ĐL!$CF:$CF,$B9&AK$6) -> 140 | AL9: =SUMIFS(KH_ĐL!$BF:$BF,KH_ĐL!$CF:$CF,$B9&AL$6) -> 65 | AN9: % | AO9: 1 | AP9: PX Than 1 | AQ9: 150600 | AR9: 148000 | AS9: 1300 | AT9: 1277.7 | AU9: 125 | AV9: 0 | AW9: 360 | AX9: =AU9+AW9 -> 485 | AY9: KT1 | AZ9: PX1 | BA9: PX Than 1 | BB9: 200500 | BC9: 195900 | BD9: 3600 | BE9: 1008 | BF9: 0 | BG9: 383 | BH9: 21 | BI9: 390 | BJ9: 0 | BL9: {=_xlfn.UNIQUE(KH_ĐL!CC:CC)} -> 0
A10: 2 | B10: KT2. | C10: PX Than 2 | D10: =SUM(E10:G10) -> 165000 | E10: =SUM(L10,R10,AC10,AI10) -> 162300 | F10: =SUMIFS(KH_ĐL!$L:$L,KH_ĐL!$CF:$CF,$B10&F$6)-100 -> 2400 | G10: =SUMIFS(KH_ĐL!$L:$L,KH_ĐL!$CF:$CF,$B10&G$6) -> 300 | H10: =SUM(I10:J10) -> 550 | I10: =SUMIFS(KH_ĐL!$I:$I,KH_ĐL!$CF:$CF,$B10&I$6) -> 267 | J10: =SUMIFS(KH_ĐL!$I:$I,KH_ĐL!$CF:$CF,$B10&J$6) -> 283 | K10: =SUM(L10:M10) -> 39500 | L10: =SUMIFS(KH_LC!$AA:$AA,KH_LC!$AQ:$AQ,$B10&L$6) -> 37500 | M10: =SUMIFS(KH_LC!$AA:$AA,KH_LC!$AQ:$AQ,$B10&M$6) -> 2000 | N10: =SUMIFS(KH_ĐL!$V:$V,KH_ĐL!$CF:$CF,$B10&N$6) -> 167 | O10: =SUMIFS(KH_ĐL!$V:$V,KH_ĐL!$CF:$CF,$B10&O$6) -> 43 | Q10: =SUM(R10:S10) -> 44500 | R10: =SUMIFS(KH_LC!$AE:$AE,KH_LC!$AQ:$AQ,$B10&R$6) -> 43800 | S10: =SUMIFS(KH_LC!$AE:$AE,KH_LC!$AQ:$AQ,$B10&S$6) -> 700 | T10: =SUMIFS(KH_ĐL!$AH:$AH,KH_ĐL!$CF:$CF,$B10&T$6) -> 100 | U10: =SUMIFS(KH_ĐL!$AH:$AH,KH_ĐL!$CF:$CF,$B10&U$6) -> 90 | V10: =K10+Q10 -> 84000 | X10: =N10+T10 -> 267 | Z10: =O10+U10 -> 133 | AB10: =SUM(AC10:AD10) -> 41400 | AC10: =SUMIFS(KH_LC!$AI:$AI,KH_LC!$AQ:$AQ,$B10&AC$6) -> 41400 | AD10: =SUMIFS(KH_LC!$AI:$AI,KH_LC!$AQ:$AQ,$B10&AD$6) -> 0 | AE10: =SUMIFS(KH_ĐL!$AT:$AT,KH_ĐL!$CF:$CF,$B10&AE$6) -> 0 | AF10: =SUMIFS(KH_ĐL!$AT:$AT,KH_ĐL!$CF:$CF,$B10&AF$6) -> 75 | AH10: =SUM(AI10:AJ10) -> 39600 | AI10: =SUMIFS(KH_LC!$AM:$AM,KH_LC!$AQ:$AQ,$B10&AI$6) -> 39600 | AJ10: =SUMIFS(KH_LC!$AM:$AM,KH_LC!$AQ:$AQ,$B10&AJ$6) -> 0 | AK10: =SUMIFS(KH_ĐL!$BF:$BF,KH_ĐL!$CF:$CF,$B10&AK$6) -> 0 | AL10: =SUMIFS(KH_ĐL!$BF:$BF,KH_ĐL!$CF:$CF,$B10&AL$6) -> 75 | AO10: 2 | AP10: PX Than 2 | AQ10: 136100 | AR10: 132000 | AS10: 3700 | AT10: 390 | AU10: 401 | AV10: 0 | AW10: 150 | AX10: =AU10+AW10 -> 551 | AY10: KT2 | AZ10: PX2 | BA10: PX Than 2 | BB10: 130100 | BC10: 125000 | BD10: 4400 | BE10: 720 | BF10: 0 | BG10: 445 | BH10: 217 | BI10: 200 | BJ10: 0 | BL10: Lọc khai thác: PX&KT
A11: 3 | B11: KT3. | C11: PX Than 3 | D11: =SUM(E11:G11) -> 125100 | E11: =SUM(L11,R11,AC11,AI11) -> 115400 | F11: =SUMIFS(KH_ĐL!$L:$L,KH_ĐL!$CF:$CF,$B11&F$6)-100 -> 9500 | G11: =SUMIFS(KH_ĐL!$L:$L,KH_ĐL!$CF:$CF,$B11&G$6)+100 -> 200 | H11: =SUM(I11:J11) -> 1107 | I11: =SUMIFS(KH_ĐL!$I:$I,KH_ĐL!$CF:$CF,$B11&I$6) -> 957 | J11: =SUMIFS(KH_ĐL!$I:$I,KH_ĐL!$CF:$CF,$B11&J$6) -> 150 | K11: =SUM(L11:M11) -> 28400 | L11: =SUMIFS(KH_LC!$AA:$AA,KH_LC!$AQ:$AQ,$B11&L$6) -> 23700 | M11: =SUMIFS(KH_LC!$AA:$AA,KH_LC!$AQ:$AQ,$B11&M$6) -> 4700 | N11: =SUMIFS(KH_ĐL!$V:$V,KH_ĐL!$CF:$CF,$B11&N$6) -> 459 | O11: =SUMIFS(KH_ĐL!$V:$V,KH_ĐL!$CF:$CF,$B11&O$6) -> 75 | Q11: =SUM(R11:S11) -> 35000 | R11: =SUMIFS(KH_LC!$AE:$AE,KH_LC!$AQ:$AQ,$B11&R$6) -> 32400 | S11: =SUMIFS(KH_LC!$AE:$AE,KH_LC!$AQ:$AQ,$B11&S$6) -> 2600 | T11: =SUMIFS(KH_ĐL!$AH:$AH,KH_ĐL!$CF:$CF,$B11&T$6) -> 290 | U11: =SUMIFS(KH_ĐL!$AH:$AH,KH_ĐL!$CF:$CF,$B11&U$6) -> 0 | V11: =K11+Q11 -> 63400 | X11: =N11+T11 -> 749 | Z11: =O11+U11 -> 75 | AB11: =SUM(AC11:AD11) -> 37000 | AC11: =SUMIFS(KH_LC!$AI:$AI,KH_LC!$AQ:$AQ,$B11&AC$6) -> 34800 | AD11: =SUMIFS(KH_LC!$AI:$AI,KH_LC!$AQ:$AQ,$B11&AD$6) -> 2200 | AE11: =SUMIFS(KH_ĐL!$AT:$AT,KH_ĐL!$CF:$CF,$B11&AE$6) -> 193 | AF11: =SUMIFS(KH_ĐL!$AT:$AT,KH_ĐL!$CF:$CF,$B11&AF$6) -> 0 | AH11: =SUM(AI11:AJ11) -> 24700 | AI11: =SUMIFS(KH_LC!$AM:$AM,KH_LC!$AQ:$AQ,$B11&AI$6) -> 24500 | AJ11: =SUMIFS(KH_LC!$AM:$AM,KH_LC!$AQ:$AQ,$B11&AJ$6) -> 200 | AK11: =SUMIFS(KH_ĐL!$BF:$BF,KH_ĐL!$CF:$CF,$B11&AK$6) -> 15 | AL11: =SUMIFS(KH_ĐL!$BF:$BF,KH_ĐL!$CF:$CF,$B11&AL$6) -> 0 | AO11: 3 | AP11: PX Than 3 | AQ11: 165600 | AR11: 157000 | AS11: 6800 | AT11: 1836 | AU11: 555 | AV11: 0 | AW11: 626 | AX11: =AU11+AW11 -> 1181 | AY11: KT3 | AZ11: PX3 | BA11: PX Than 3 | BB11: 210600 | BC11: 207000 | BD11: 2100 | BE11: 1494 | BF11: 0 | BG11: 198 | BH11: 0 | BI11: 515 | BJ11: 0 | BK11: Hai dây chuyền | BL11: Lọc đào lò: PX&ĐL& Lò
A12: 4 | B12: KT8. | C12: PX Than 8 | D12: =SUM(E12:G12) -> 181800 | E12: =SUM(L12,R12,AC12,AI12) -> 179900 | F12: =SUMIFS(KH_ĐL!$L:$L,KH_ĐL!$CF:$CF,$B12&F$6)-200 -> 1400 | G12: =SUMIFS(KH_ĐL!$L:$L,KH_ĐL!$CF:$CF,$B12&G$6) -> 500 | H12: =SUM(I12:J12) -> 552 | I12: =SUMIFS(KH_ĐL!$I:$I,KH_ĐL!$CF:$CF,$B12&I$6) -> 242 | J12: =SUMIFS(KH_ĐL!$I:$I,KH_ĐL!$CF:$CF,$B12&J$6) -> 310 | K12: =SUM(L12:M12) -> 48600 | L12: =SUMIFS(KH_LC!$AA:$AA,KH_LC!$AQ:$AQ,$B12&L$6) -> 47600 | M12: =SUMIFS(KH_LC!$AA:$AA,KH_LC!$AQ:$AQ,$B12&M$6) -> 1000 | N12: =SUMIFS(KH_ĐL!$V:$V,KH_ĐL!$CF:$CF,$B12&N$6) -> 118 | O12: =SUMIFS(KH_ĐL!$V:$V,KH_ĐL!$CF:$CF,$B12&O$6) -> 110 | Q12: =SUM(R12:S12) -> 45400 | R12: =SUMIFS(KH_LC!$AE:$AE,KH_LC!$AQ:$AQ,$B12&R$6) -> 44500 | S12: =SUMIFS(KH_LC!$AE:$AE,KH_LC!$AQ:$AQ,$B12&S$6) -> 900 | T12: =SUMIFS(KH_ĐL!$AH:$AH,KH_ĐL!$CF:$CF,$B12&T$6) -> 124 | U12: =SUMIFS(KH_ĐL!$AH:$AH,KH_ĐL!$CF:$CF,$B12&U$6) -> 100 | V12: =K12+Q12 -> 94000 | X12: =N12+T12 -> 242 | Z12: =O12+U12 -> 210 | AB12: =SUM(AC12:AD12) -> 44500 | AC12: =SUMIFS(KH_LC!$AI:$AI,KH_LC!$AQ:$AQ,$B12&AC$6) -> 44500 | AD12: =SUMIFS(KH_LC!$AI:$AI,KH_LC!$AQ:$AQ,$B12&AD$6) -> 0 | AE12: =SUMIFS(KH_ĐL!$AT:$AT,KH_ĐL!$CF:$CF,$B12&AE$6) -> 0 | AF12: =SUMIFS(KH_ĐL!$AT:$AT,KH_ĐL!$CF:$CF,$B12&AF$6) -> 40 | AH12: =SUM(AI12:AJ12) -> 43300 | AI12: =SUMIFS(KH_LC!$AM:$AM,KH_LC!$AQ:$AQ,$B12&AI$6) -> 43300 | AJ12: =SUMIFS(KH_LC!$AM:$AM,KH_LC!$AQ:$AQ,$B12&AJ$6) -> 0 | AK12: =SUMIFS(KH_ĐL!$BF:$BF,KH_ĐL!$CF:$CF,$B12&AK$6) -> 0 | AL12: =SUMIFS(KH_ĐL!$BF:$BF,KH_ĐL!$CF:$CF,$B12&AL$6) -> 60 | AO12: 4 | AP12: PX Than 4 | AQ12: 157800 | AR12: 155000 | AS12: 2500 | AT12: 265.2 | AU12: 263 | AV12: 0 | AW12: 118 | AX12: =AU12+AW12 -> 381 | AY12: KT4 | AZ12: PX4 | BA12: PX Than 4 | BB12: 162200 | BC12: 160000 | BD12: 1000 | BE12: 1170 | BF12: 0 | BG12: 122 | BH12: 0 | BI12: 325 | BJ12: 0 | BL12: Lọc xén lò: PX&XL& Xé
A13: 5 | B13: KT5. | C13: PX Than 5 | D13: =SUM(E13:G13) -> 130400 | E13: =SUM(L13,R13,AC13,AI13) -> 128000 | F13: =SUMIFS(KH_ĐL!$L:$L,KH_ĐL!$CF:$CF,$B13&F$6)+100 -> 2100 | G13: =SUMIFS(KH_ĐL!$L:$L,KH_ĐL!$CF:$CF,$B13&G$6) -> 300 | H13: =SUM(I13:J13) -> 400 | I13: =SUMIFS(KH_ĐL!$I:$I,KH_ĐL!$CF:$CF,$B13&I$6) -> 250 | J13: =SUMIFS(KH_ĐL!$I:$I,KH_ĐL!$CF:$CF,$B13&J$6) -> 150 | K13: =SUM(L13:M13) -> 31600 | L13: =SUMIFS(KH_LC!$AA:$AA,KH_LC!$AQ:$AQ,$B13&L$6) -> 30100 | M13: =SUMIFS(KH_LC!$AA:$AA,KH_LC!$AQ:$AQ,$B13&M$6) -> 1500 | N13: =SUMIFS(KH_ĐL!$V:$V,KH_ĐL!$CF:$CF,$B13&N$6) -> 153 | O13: =SUMIFS(KH_ĐL!$V:$V,KH_ĐL!$CF:$CF,$B13&O$6) -> 115 | Q13: =SUM(R13:S13) -> 36000 | R13: =SUMIFS(KH_LC!$AE:$AE,KH_LC!$AQ:$AQ,$B13&R$6) -> 35500 | S13: =SUMIFS(KH_LC!$AE:$AE,KH_LC!$AQ:$AQ,$B13&S$6) -> 500 | T13: =SUMIFS(KH_ĐL!$AH:$AH,KH_ĐL!$CF:$CF,$B13&T$6) -> 65 | U13: =SUMIFS(KH_ĐL!$AH:$AH,KH_ĐL!$CF:$CF,$B13&U$6) -> 35 | V13: =K13+Q13 -> 67600 | X13: =N13+T13 -> 218 | Z13: =O13+U13 -> 150 | AB13: =SUM(AC13:AD13) -> 32800 | AC13: =SUMIFS(KH_LC!$AI:$AI,KH_LC!$AQ:$AQ,$B13&AC$6) -> 32400 | AD13: =SUMIFS(KH_LC!$AI:$AI,KH_LC!$AQ:$AQ,$B13&AD$6) -> 400 | AE13: =SUMIFS(KH_ĐL!$AT:$AT,KH_ĐL!$CF:$CF,$B13&AE$6) -> 32 | AF13: =SUMIFS(KH_ĐL!$AT:$AT,KH_ĐL!$CF:$CF,$B13&AF$6) -> 0 | AH13: =SUM(AI13:AJ13) -> 30000 | AI13: =SUMIFS(KH_LC!$AM:$AM,KH_LC!$AQ:$AQ,$B13&AI$6) -> 30000 | AJ13: =SUMIFS(KH_LC!$AM:$AM,KH_LC!$AQ:$AQ,$B13&AJ$6) -> 0 | AK13: =SUMIFS(KH_ĐL!$BF:$BF,KH_ĐL!$CF:$CF,$B13&AK$6) -> 0 | AL13: =SUMIFS(KH_ĐL!$BF:$BF,KH_ĐL!$CF:$CF,$B13&AL$6) -> 0 | AO13: 5 | AP13: PX Than 5 | AQ13: 151200 | AR13: 146000 | AS13: 4300 | AT13: 850.2 | AU13: 447 | AV13: 0 | AW13: 268 | AX13: =AU13+AW13 -> 715 | AY13: KT5 | AZ13: PX5 | BA13: PX Than 5 | BB13: 157600 | BC13: 151500 | BD13: 5600 | BE13: 468 | BF13: 0 | BG13: 557 | BH13: 0 | BI13: 130 | BJ13: 0 | BL13: T7
A14: 6 | B14: KT6. | C14: PX Than 6 | D14: =SUM(E14:G14) -> 176300 | E14: =SUM(L14,R14,AC14,AI14) -> 170000 | F14: =SUMIFS(KH_ĐL!$L:$L,KH_ĐL!$CF:$CF,$B14&F$6)-300 -> 6000 | G14: =SUMIFS(KH_ĐL!$L:$L,KH_ĐL!$CF:$CF,$B14&G$6) -> 300 | H14: =SUM(I14:J14) -> 785 | I14: =SUMIFS(KH_ĐL!$I:$I,KH_ĐL!$CF:$CF,$B14&I$6) -> 640 | J14: =SUMIFS(KH_ĐL!$I:$I,KH_ĐL!$CF:$CF,$B14&J$6) -> 145 | K14: =SUM(L14:M14) -> 46000 | L14: =SUMIFS(KH_LC!$AA:$AA,KH_LC!$AQ:$AQ,$B14&L$6) -> 44000 | M14: =SUMIFS(KH_LC!$AA:$AA,KH_LC!$AQ:$AQ,$B14&M$6) -> 2000 | N14: =SUMIFS(KH_ĐL!$V:$V,KH_ĐL!$CF:$CF,$B14&N$6) -> 230 | O14: =SUMIFS(KH_ĐL!$V:$V,KH_ĐL!$CF:$CF,$B14&O$6) -> 15 | Q14: =SUM(R14:S14) -> 51600 | R14: =SUMIFS(KH_LC!$AE:$AE,KH_LC!$AQ:$AQ,$B14&R$6) -> 49300 | S14: =SUMIFS(KH_LC!$AE:$AE,KH_LC!$AQ:$AQ,$B14&S$6) -> 2300 | T14: =SUMIFS(KH_ĐL!$AH:$AH,KH_ĐL!$CF:$CF,$B14&T$6) -> 195 | U14: =SUMIFS(KH_ĐL!$AH:$AH,KH_ĐL!$CF:$CF,$B14&U$6) -> 30 | V14: =K14+Q14 -> 97600 | X14: =N14+T14 -> 425 | Z14: =O14+U14 -> 45 | AB14: =SUM(AC14:AD14) -> 40000 | AC14: =SUMIFS(KH_LC!$AI:$AI,KH_LC!$AQ:$AQ,$B14&AC$6) -> 38300 | AD14: =SUMIFS(KH_LC!$AI:$AI,KH_LC!$AQ:$AQ,$B14&AD$6) -> 1700 | AE14: =SUMIFS(KH_ĐL!$AT:$AT,KH_ĐL!$CF:$CF,$B14&AE$6) -> 175 | AF14: =SUMIFS(KH_ĐL!$AT:$AT,KH_ĐL!$CF:$CF,$B14&AF$6) -> 40 | AH14: =SUM(AI14:AJ14) -> 38700 | AI14: =SUMIFS(KH_LC!$AM:$AM,KH_LC!$AQ:$AQ,$B14&AI$6) -> 38400 | AJ14: =SUMIFS(KH_LC!$AM:$AM,KH_LC!$AQ:$AQ,$B14&AJ$6) -> 300 | AK14: =SUMIFS(KH_ĐL!$BF:$BF,KH_ĐL!$CF:$CF,$B14&AK$6) -> 40 | AL14: =SUMIFS(KH_ĐL!$BF:$BF,KH_ĐL!$CF:$CF,$B14&AL$6) -> 60 | AO14: 6 | AP14: PX Than 6 | AQ14: 167500 | AR14: 165000 | AS14: 2100 | AT14: 390 | AU14: 193 | AV14: 0 | AW14: 200 | AX14: =AU14+AW14 -> 393 | AY14: KT6 | AZ14: PX6 | BA14: PX Than 6 | BB14: 155300 | BC14: 150000 | BD14: 4200 | BE14: 1116 | BF14: 0 | BG14: 471 | BH14: 0 | BI14: 389 | BJ14: 0 | BL14: KHÔNG XÓA
A15: 7 | B15: CGH2. | C15: PX CGH2 | D15: =SUM(E15:G15) -> 346100 | E15: =SUM(L15,R15,AC15,AI15) -> 340000 | F15: =SUMIFS(KH_ĐL!$L:$L,KH_ĐL!$CF:$CF,$B15&F$6) -> 5800 | G15: =SUMIFS(KH_ĐL!$L:$L,KH_ĐL!$CF:$CF,$B15&G$6) -> 300 | H15: =SUM(I15:J15) -> 537 | I15: =SUMIFS(KH_ĐL!$I:$I,KH_ĐL!$CF:$CF,$B15&I$6) -> 370 | J15: =SUMIFS(KH_ĐL!$I:$I,KH_ĐL!$CF:$CF,$B15&J$6) -> 167 | K15: =SUM(L15:M15) -> 90800 | L15: =SUMIFS(KH_LC!$AA:$AA,KH_LC!$AQ:$AQ,$B15&L$6) -> 88300 | M15: =SUMIFS(KH_LC!$AA:$AA,KH_LC!$AQ:$AQ,$B15&M$6) -> 2500 | N15: =SUMIFS(KH_ĐL!$V:$V,KH_ĐL!$CF:$CF,$B15&N$6) -> 145 | O15: =SUMIFS(KH_ĐL!$V:$V,KH_ĐL!$CF:$CF,$B15&O$6) -> 70 | Q15: =SUM(R15:S15) -> 75000 | R15: =SUMIFS(KH_LC!$AE:$AE,KH_LC!$AQ:$AQ,$B15&R$6) -> 72600 | S15: =SUMIFS(KH_LC!$AE:$AE,KH_LC!$AQ:$AQ,$B15&S$6) -> 2400 | T15: =SUMIFS(KH_ĐL!$AH:$AH,KH_ĐL!$CF:$CF,$B15&T$6) -> 170 | U15: =SUMIFS(KH_ĐL!$AH:$AH,KH_ĐL!$CF:$CF,$B15&U$6) -> 25 | V15: =K15+Q15 -> 165800 | X15: =N15+T15 -> 315 | Z15: =O15+U15 -> 95 | AB15: =SUM(AC15:AD15) -> 102600 | AC15: =SUMIFS(KH_LC!$AI:$AI,KH_LC!$AQ:$AQ,$B15&AC$6) -> 101400 | AD15: =SUMIFS(KH_LC!$AI:$AI,KH_LC!$AQ:$AQ,$B15&AD$6) -> 1200 | AE15: =SUMIFS(KH_ĐL!$AT:$AT,KH_ĐL!$CF:$CF,$B15&AE$6) -> 55 | AF15: =SUMIFS(KH_ĐL!$AT:$AT,KH_ĐL!$CF:$CF,$B15&AF$6) -> 72 | AH15: =SUM(AI15:AJ15) -> 77700 | AI15: =SUMIFS(KH_LC!$AM:$AM,KH_LC!$AQ:$AQ,$B15&AI$6) -> 77700 | AJ15: =SUMIFS(KH_LC!$AM:$AM,KH_LC!$AQ:$AQ,$B15&AJ$6) -> 0 | AK15: =SUMIFS(KH_ĐL!$BF:$BF,KH_ĐL!$CF:$CF,$B15&AK$6) -> 0 | AL15: =SUMIFS(KH_ĐL!$BF:$BF,KH_ĐL!$CF:$CF,$B15&AL$6) -> 0 | AO15: 7 | AP15: PX CGH2 | AQ15: 330100 | AR15: 328000 | AS15: 2100 | AT15: 0 | AU15: 140 | AV15: 140 | AW15: 0 | AX15: =AU15+AW15 -> 140 | AY15: CGH2 | AZ15: PX7 | BA15: PX CGH2 | BB15: 350200 | BC15: 345500 | BD15: 4000 | BE15: 702 | BF15: 0 | BG15: 240 | BH15: 240 | BI15: 226 | BJ15: 0 | BK15: CGH hạng nhẹ | BL15: PX
A16: 8 | B16: CGH1. | C16: PX CGH1 | D16: =SUM(E16:G16) -> 434600 | E16: =SUM(L16,R16,AC16,AI16) -> 430000 | F16: =SUMIFS(KH_ĐL!$L:$L,KH_ĐL!$CF:$CF,$B16&F$6)+200 -> 4200 | G16: =SUMIFS(KH_ĐL!$L:$L,KH_ĐL!$CF:$CF,$B16&G$6) -> 400 | H16: =SUM(I16:J16) -> 485 | I16: =SUMIFS(KH_ĐL!$I:$I,KH_ĐL!$CF:$CF,$B16&I$6) -> 240 | J16: =SUMIFS(KH_ĐL!$I:$I,KH_ĐL!$CF:$CF,$B16&J$6) -> 245 | K16: =SUM(L16:M16) -> 106100 | L16: =SUMIFS(KH_LC!$AA:$AA,KH_LC!$AQ:$AQ,$B16&L$6) -> 103800 | M16: =SUMIFS(KH_LC!$AA:$AA,KH_LC!$AQ:$AQ,$B16&M$6) -> 2300 | N16: =SUMIFS(KH_ĐL!$V:$V,KH_ĐL!$CF:$CF,$B16&N$6) -> 120 | O16: =SUMIFS(KH_ĐL!$V:$V,KH_ĐL!$CF:$CF,$B16&O$6) -> 55 | Q16: =SUM(R16:S16) -> 129600 | R16: =SUMIFS(KH_LC!$AE:$AE,KH_LC!$AQ:$AQ,$B16&R$6) -> 129600 | S16: =SUMIFS(KH_LC!$AE:$AE,KH_LC!$AQ:$AQ,$B16&S$6) -> 0 | T16: =SUMIFS(KH_ĐL!$AH:$AH,KH_ĐL!$CF:$CF,$B16&T$6) -> 0 | U16: =SUMIFS(KH_ĐL!$AH:$AH,KH_ĐL!$CF:$CF,$B16&U$6) -> 15 | V16: =K16+Q16 -> 235700 | X16: =N16+T16 -> 120 | Z16: =O16+U16 -> 70 | AB16: =SUM(AC16:AD16) -> 75800 | AC16: =SUMIFS(KH_LC!$AI:$AI,KH_LC!$AQ:$AQ,$B16&AC$6) -> 73600 | AD16: =SUMIFS(KH_LC!$AI:$AI,KH_LC!$AQ:$AQ,$B16&AD$6) -> 2200 | AE16: =SUMIFS(KH_ĐL!$AT:$AT,KH_ĐL!$CF:$CF,$B16&AE$6) -> 120 | AF16: =SUMIFS(KH_ĐL!$AT:$AT,KH_ĐL!$CF:$CF,$B16&AF$6) -> 100 | AH16: =SUM(AI16:AJ16) -> 123100 | AI16: =SUMIFS(KH_LC!$AM:$AM,KH_LC!$AQ:$AQ,$B16&AI$6) -> 123000 | AJ16: =SUMIFS(KH_LC!$AM:$AM,KH_LC!$AQ:$AQ,$B16&AJ$6) -> 100 | AK16: =SUMIFS(KH_ĐL!$BF:$BF,KH_ĐL!$CF:$CF,$B16&AK$6) -> 0 | AL16: =SUMIFS(KH_ĐL!$BF:$BF,KH_ĐL!$CF:$CF,$B16&AL$6) -> 75 | AO16: 8 | AP16: PX CGH1 | AQ16: 439300 | AR16: 433000 | AS16: 6300 | AT16: 0 | AU16: 360 | AV16: 360 | AW16: 0 | AX16: =AU16+AW16 -> 360 | AY16: CGH1 | AZ16: PX8 | BA16: PX CGH1 | BB16: 403100 | BC16: 401000 | BD16: 1700 | BE16: 360 | BF16: 0 | BG16: 110 | BH16: 110 | BI16: 150 | BJ16: 0 | BK16: CGH hạng trung | BL16: KT1.
A17: 9 | B17: KT9. | C17: PX Than 9 | D17: =SUM(E17:G17) -> 176400 | E17: =SUM(L17,R17,AC17,AI17) -> 173700 | F17: =SUMIFS(KH_ĐL!$L:$L,KH_ĐL!$CF:$CF,$B17&F$6)-100 -> 2400 | G17: =SUMIFS(KH_ĐL!$L:$L,KH_ĐL!$CF:$CF,$B17&G$6) -> 300 | H17: =SUM(I17:J17) -> 521 | I17: =SUMIFS(KH_ĐL!$I:$I,KH_ĐL!$CF:$CF,$B17&I$6) -> 281 | J17: =SUMIFS(KH_ĐL!$I:$I,KH_ĐL!$CF:$CF,$B17&J$6) -> 240 | K17: =SUM(L17:M17) -> 46700 | L17: =SUMIFS(KH_LC!$AA:$AA,KH_LC!$AQ:$AQ,$B17&L$6) -> 46600 | M17: =SUMIFS(KH_LC!$AA:$AA,KH_LC!$AQ:$AQ,$B17&M$6) -> 100 | N17: =SUMIFS(KH_ĐL!$V:$V,KH_ĐL!$CF:$CF,$B17&N$6) -> 20 | O17: =SUMIFS(KH_ĐL!$V:$V,KH_ĐL!$CF:$CF,$B17&O$6) -> 105 | Q17: =SUM(R17:S17) -> 51300 | R17: =SUMIFS(KH_LC!$AE:$AE,KH_LC!$AQ:$AQ,$B17&R$6) -> 51200 | S17: =SUMIFS(KH_LC!$AE:$AE,KH_LC!$AQ:$AQ,$B17&S$6) -> 100 | T17: =SUMIFS(KH_ĐL!$AH:$AH,KH_ĐL!$CF:$CF,$B17&T$6) -> 0 | U17: =SUMIFS(KH_ĐL!$AH:$AH,KH_ĐL!$CF:$CF,$B17&U$6) -> 100 | V17: =K17+Q17 -> 98000 | X17: =N17+T17 -> 20 | Z17: =O17+U17 -> 205 | AB17: =SUM(AC17:AD17) -> 35300 | AC17: =SUMIFS(KH_LC!$AI:$AI,KH_LC!$AQ:$AQ,$B17&AC$6) -> 33800 | AD17: =SUMIFS(KH_LC!$AI:$AI,KH_LC!$AQ:$AQ,$B17&AD$6) -> 1500 | AE17: =SUMIFS(KH_ĐL!$AT:$AT,KH_ĐL!$CF:$CF,$B17&AE$6) -> 161 | AF17: =SUMIFS(KH_ĐL!$AT:$AT,KH_ĐL!$CF:$CF,$B17&AF$6) -> 35 | AH17: =SUM(AI17:AJ17) -> 43100 | AI17: =SUMIFS(KH_LC!$AM:$AM,KH_LC!$AQ:$AQ,$B17&AI$6) -> 42100 | AJ17: =SUMIFS(KH_LC!$AM:$AM,KH_LC!$AQ:$AQ,$B17&AJ$6) -> 1000 | AK17: =SUMIFS(KH_ĐL!$BF:$BF,KH_ĐL!$CF:$CF,$B17&AK$6) -> 100 | AL17: =SUMIFS(KH_ĐL!$BF:$BF,KH_ĐL!$CF:$CF,$B17&AL$6) -> 0 | AO17: 9 | AP17: PX Than 9 | AQ17: 145700 | AR17: 135000 | AS17: 10200 | AT17: 468 | AU17: 1060 | AV17: 0 | AW17: 158 | AX17: =AU17+AW17 -> 1218 | AY17: KT9 | AZ17: PX9 | BA17: PX Than 9 | BB17: 163500 | BC17: 159200 | BD17: 4000 | BE17: 252 | BF17: 0 | BG17: 382 | BH17: 50 | BI17: 250 | BJ17: 0 | BL17: KT2.
A18: 10 | B18: KT10. | C18: PX Than 10 | D18: =SUM(E18:G18) -> 183100 | E18: =SUM(L18,R18,AC18,AI18) -> 178600 | F18: =SUMIFS(KH_ĐL!$L:$L,KH_ĐL!$CF:$CF,$B18&F$6)-100 -> 4000 | G18: =SUMIFS(KH_ĐL!$L:$L,KH_ĐL!$CF:$CF,$B18&G$6)-100 -> 500 | H18: =SUM(I18:J18) -> 725 | I18: =SUMIFS(KH_ĐL!$I:$I,KH_ĐL!$CF:$CF,$B18&I$6) -> 465 | J18: =SUMIFS(KH_ĐL!$I:$I,KH_ĐL!$CF:$CF,$B18&J$6) -> 260 | K18: =SUM(L18:M18) -> 47200 | L18: =SUMIFS(KH_LC!$AA:$AA,KH_LC!$AQ:$AQ,$B18&L$6) -> 46600 | M18: =SUMIFS(KH_LC!$AA:$AA,KH_LC!$AQ:$AQ,$B18&M$6) -> 600 | N18: =SUMIFS(KH_ĐL!$V:$V,KH_ĐL!$CF:$CF,$B18&N$6) -> 75 | O18: =SUMIFS(KH_ĐL!$V:$V,KH_ĐL!$CF:$CF,$B18&O$6) -> 0 | Q18: =SUM(R18:S18) -> 42300 | R18: =SUMIFS(KH_LC!$AE:$AE,KH_LC!$AQ:$AQ,$B18&R$6) -> 42000 | S18: =SUMIFS(KH_LC!$AE:$AE,KH_LC!$AQ:$AQ,$B18&S$6) -> 300 | T18: =SUMIFS(KH_ĐL!$AH:$AH,KH_ĐL!$CF:$CF,$B18&T$6) -> 60 | U18: =SUMIFS(KH_ĐL!$AH:$AH,KH_ĐL!$CF:$CF,$B18&U$6) -> 0 | V18: =K18+Q18 -> 89500 | X18: =N18+T18 -> 135 | Z18: =O18+U18 -> 0 | AB18: =SUM(AC18:AD18) -> 48600 | AC18: =SUMIFS(KH_LC!$AI:$AI,KH_LC!$AQ:$AQ,$B18&AC$6) -> 46800 | AD18: =SUMIFS(KH_LC!$AI:$AI,KH_LC!$AQ:$AQ,$B18&AD$6) -> 1800 | AE18: =SUMIFS(KH_ĐL!$AT:$AT,KH_ĐL!$CF:$CF,$B18&AE$6) -> 160 | AF18: =SUMIFS(KH_ĐL!$AT:$AT,KH_ĐL!$CF:$CF,$B18&AF$6) -> 40 | AH18: =SUM(AI18:AJ18) -> 45000 | AI18: =SUMIFS(KH_LC!$AM:$AM,KH_LC!$AQ:$AQ,$B18&AI$6) -> 43200 | AJ18: =SUMIFS(KH_LC!$AM:$AM,KH_LC!$AQ:$AQ,$B18&AJ$6) -> 1800 | AK18: =SUMIFS(KH_ĐL!$BF:$BF,KH_ĐL!$CF:$CF,$B18&AK$6) -> 170 | AL18: =SUMIFS(KH_ĐL!$BF:$BF,KH_ĐL!$CF:$CF,$B18&AL$6) -> 220 | AO18: 10 | AP18: PX Than 10 | AQ18: 164300 | AR18: 163000 | AS18: 1000 | AT18: 257.4 | AU18: 108 | AV18: 0 | AW18: 116 | AX18: =AU18+AW18 -> 224 | AY18: KT10 | AZ18: PX10 | BA18: PX Than 10 | BB18: 161700 | BC18: 159000 | BD18: 2600 | BE18: 126 | BF18: 0 | BG18: 248 | BH18: 0 | BI18: 265 | BJ18: 0 | BL18: KT3.
A19: 11 | B19: KT11. | C19: PX Than 11 | D19: =SUM(E19:G19) -> 172200 | E19: =SUM(L19,R19,AC19,AI19) -> 168300 | F19: =SUMIFS(KH_ĐL!$L:$L,KH_ĐL!$CF:$CF,$B19&F$6)+100 -> 3600 | G19: =SUMIFS(KH_ĐL!$L:$L,KH_ĐL!$CF:$CF,$B19&G$6) -> 300 | H19: =SUM(I19:J19) -> 575 | I19: =SUMIFS(KH_ĐL!$I:$I,KH_ĐL!$CF:$CF,$B19&I$6) -> 370 | J19: =SUMIFS(KH_ĐL!$I:$I,KH_ĐL!$CF:$CF,$B19&J$6) -> 205 | K19: =SUM(L19:M19) -> 42900 | L19: =SUMIFS(KH_LC!$AA:$AA,KH_LC!$AQ:$AQ,$B19&L$6) -> 41200 | M19: =SUMIFS(KH_LC!$AA:$AA,KH_LC!$AQ:$AQ,$B19&M$6) -> 1700 | N19: =SUMIFS(KH_ĐL!$V:$V,KH_ĐL!$CF:$CF,$B19&N$6) -> 165 | O19: =SUMIFS(KH_ĐL!$V:$V,KH_ĐL!$CF:$CF,$B19&O$6) -> 60 | Q19: =SUM(R19:S19) -> 45700 | R19: =SUMIFS(KH_LC!$AE:$AE,KH_LC!$AQ:$AQ,$B19&R$6) -> 44400 | S19: =SUMIFS(KH_LC!$AE:$AE,KH_LC!$AQ:$AQ,$B19&S$6) -> 1300 | T19: =SUMIFS(KH_ĐL!$AH:$AH,KH_ĐL!$CF:$CF,$B19&T$6) -> 120 | U19: =SUMIFS(KH_ĐL!$AH:$AH,KH_ĐL!$CF:$CF,$B19&U$6) -> 60 | V19: =K19+Q19 -> 88600 | X19: =N19+T19 -> 285 | Z19: =O19+U19 -> 120 | AB19: =SUM(AC19:AD19) -> 43800 | AC19: =SUMIFS(KH_LC!$AI:$AI,KH_LC!$AQ:$AQ,$B19&AC$6) -> 43000 | AD19: =SUMIFS(KH_LC!$AI:$AI,KH_LC!$AQ:$AQ,$B19&AD$6) -> 800 | AE19: =SUMIFS(KH_ĐL!$AT:$AT,KH_ĐL!$CF:$CF,$B19&AE$6) -> 85 | AF19: =SUMIFS(KH_ĐL!$AT:$AT,KH_ĐL!$CF:$CF,$B19&AF$6) -> 30 | AH19: =SUM(AI19:AJ19) -> 39800 | AI19: =SUMIFS(KH_LC!$AM:$AM,KH_LC!$AQ:$AQ,$B19&AI$6) -> 39700 | AJ19: =SUMIFS(KH_LC!$AM:$AM,KH_LC!$AQ:$AQ,$B19&AJ$6) -> 100 | AK19: =SUMIFS(KH_ĐL!$BF:$BF,KH_ĐL!$CF:$CF,$B19&AK$6) -> 0 | AL19: =SUMIFS(KH_ĐL!$BF:$BF,KH_ĐL!$CF:$CF,$B19&AL$6) -> 55 | AO19: 11 | AP19: PX Than 11 | AQ19: 151800 | AR19: 144000 | AS19: 7000 | AT19: 780 | AU19: 650 | AV19: 392 | AW19: 250 | AX19: =AU19+AW19 -> 900 | AY19: KT11 | AZ19: PX11 | BA19: PX Than 11 | BB19: 165500 | BC19: 157000 | BD19: 7700 | BE19: 756 | BF19: 0 | BG19: 693 | BH19: 256 | BI19: 548 | BJ19: 0 | BL19: KT8.
A20: 12 | B20: CGĐB. | C20: PX ĐL CGĐB | D20: =SUM(E20:G20) -> 45700 | E20: =SUM(L20,R20,AC20,AI20) -> 0 | F20: =SUMIFS(KH_ĐL!$L:$L,KH_ĐL!$CF:$CF,$B20&F$6)+400 -> 45500 | G20: =SUMIFS(KH_ĐL!$L:$L,KH_ĐL!$CF:$CF,$B20&G$6) -> 200 | H20: =SUM(I20:J20) -> 3245 | I20: =SUMIFS(KH_ĐL!$I:$I,KH_ĐL!$CF:$CF,$B20&I$6) -> 2885 | J20: =SUMIFS(KH_ĐL!$I:$I,KH_ĐL!$CF:$CF,$B20&J$6) -> 360 | K20: =SUM(L20:M20) -> 10000 | L20: =SUMIFS(KH_LC!$AA:$AA,KH_LC!$AQ:$AQ,$B20&L$6) -> 0 | M20: =SUMIFS(KH_LC!$AA:$AA,KH_LC!$AQ:$AQ,$B20&M$6) -> 10000 | N20: =SUMIFS(KH_ĐL!$V:$V,KH_ĐL!$CF:$CF,$B20&N$6) -> 785 | O20: =SUMIFS(KH_ĐL!$V:$V,KH_ĐL!$CF:$CF,$B20&O$6) -> 0 | Q20: =SUM(R20:S20) -> 11000 | R20: =SUMIFS(KH_LC!$AE:$AE,KH_LC!$AQ:$AQ,$B20&R$6) -> 0 | S20: =SUMIFS(KH_LC!$AE:$AE,KH_LC!$AQ:$AQ,$B20&S$6) -> 11000 | T20: =SUMIFS(KH_ĐL!$AH:$AH,KH_ĐL!$CF:$CF,$B20&T$6) -> 675 | U20: =SUMIFS(KH_ĐL!$AH:$AH,KH_ĐL!$CF:$CF,$B20&U$6) -> 120 | V20: =K20+Q20 -> 21000 | X20: =N20+T20 -> 1460 | Z20: =O20+U20 -> 120 | AB20: =SUM(AC20:AD20) -> 11300 | AC20: =SUMIFS(KH_LC!$AI:$AI,KH_LC!$AQ:$AQ,$B20&AC$6) -> 0 | AD20: =SUMIFS(KH_LC!$AI:$AI,KH_LC!$AQ:$AQ,$B20&AD$6) -> 11300 | AE20: =SUMIFS(KH_ĐL!$AT:$AT,KH_ĐL!$CF:$CF,$B20&AE$6) -> 670 | AF20: =SUMIFS(KH_ĐL!$AT:$AT,KH_ĐL!$CF:$CF,$B20&AF$6) -> 120 | AH20: =SUM(AI20:AJ20) -> 13400 | AI20: =SUMIFS(KH_LC!$AM:$AM,KH_LC!$AQ:$AQ,$B20&AI$6) -> 0 | AJ20: =SUMIFS(KH_LC!$AM:$AM,KH_LC!$AQ:$AQ,$B20&AJ$6) -> 13400 | AK20: =SUMIFS(KH_ĐL!$BF:$BF,KH_ĐL!$CF:$CF,$B20&AK$6) -> 755 | AL20: =SUMIFS(KH_ĐL!$BF:$BF,KH_ĐL!$CF:$CF,$B20&AL$6) -> 120 | AO20: 12 | AP20: PX Đào lò 1 | AQ20: 45900 | AR20: 0 | AS20: 44600 | AT20: 1251.9 | AU20: 3058 | AV20: 0 | AW20: 566 | AX20: =AU20+AW20 -> 3624 | AY20: ĐL1 | AZ20: PX12 | BA20: PX Đào lò 1 | BB20: 47800 | BC20: 0 | BD20: 46900 | BE20: 864 | BF20: 0 | BG20: 3134 | BH20: 0 | BI20: 276 | BJ20: 0 | BL20: KT5.
A21: 13 | B21: BCG. | C21: PX ĐL BCG | D21: =SUM(E21:G21) -> 11800 | E21: =SUM(L21,R21,AC21,AI21) -> 0 | F21: =SUMIFS(KH_ĐL!$L:$L,KH_ĐL!$CF:$CF,$B21&F$6)+200 -> 10900 | G21: =SUMIFS(KH_ĐL!$L:$L,KH_ĐL!$CF:$CF,$B21&G$6) -> 900 | H21: =SUM(I21:J21) -> 2266 | I21: =SUMIFS(KH_ĐL!$I:$I,KH_ĐL!$CF:$CF,$B21&I$6) -> 1766 | J21: =SUMIFS(KH_ĐL!$I:$I,KH_ĐL!$CF:$CF,$B21&J$6) -> 500 | K21: =SUM(L21:M21) -> 2600 | L21: =SUMIFS(KH_LC!$AA:$AA,KH_LC!$AQ:$AQ,$B21&L$6) -> 0 | M21: =SUMIFS(KH_LC!$AA:$AA,KH_LC!$AQ:$AQ,$B21&M$6) -> 2600 | N21: =SUMIFS(KH_ĐL!$V:$V,KH_ĐL!$CF:$CF,$B21&N$6) -> 405 | O21: =SUMIFS(KH_ĐL!$V:$V,KH_ĐL!$CF:$CF,$B21&O$6) -> 120 | Q21: =SUM(R21:S21) -> 3300 | R21: =SUMIFS(KH_LC!$AE:$AE,KH_LC!$AQ:$AQ,$B21&R$6) -> 0 | S21: =SUMIFS(KH_LC!$AE:$AE,KH_LC!$AQ:$AQ,$B21&S$6) -> 3300 | T21: =SUMIFS(KH_ĐL!$AH:$AH,KH_ĐL!$CF:$CF,$B21&T$6) -> 416 | U21: =SUMIFS(KH_ĐL!$AH:$AH,KH_ĐL!$CF:$CF,$B21&U$6) -> 130 | V21: =K21+Q21 -> 5900 | X21: =N21+T21 -> 821 | Z21: =O21+U21 -> 250 | AB21: =SUM(AC21:AD21) -> 4400 | AC21: =SUMIFS(KH_LC!$AI:$AI,KH_LC!$AQ:$AQ,$B21&AC$6) -> 0 | AD21: =SUMIFS(KH_LC!$AI:$AI,KH_LC!$AQ:$AQ,$B21&AD$6) -> 4400 | AE21: =SUMIFS(KH_ĐL!$AT:$AT,KH_ĐL!$CF:$CF,$B21&AE$6) -> 495 | AF21: =SUMIFS(KH_ĐL!$AT:$AT,KH_ĐL!$CF:$CF,$B21&AF$6) -> 125 | AH21: =SUM(AI21:AJ21) -> 1500 | AI21: =SUMIFS(KH_LC!$AM:$AM,KH_LC!$AQ:$AQ,$B21&AI$6) -> 0 | AJ21: =SUMIFS(KH_LC!$AM:$AM,KH_LC!$AQ:$AQ,$B21&AJ$6) -> 1500 | AK21: =SUMIFS(KH_ĐL!$BF:$BF,KH_ĐL!$CF:$CF,$B21&AK$6) -> 450 | AL21: =SUMIFS(KH_ĐL!$BF:$BF,KH_ĐL!$CF:$CF,$B21&AL$6) -> 125 | AO21: 13 | AP21: PX Đào lò 2 | AQ21: 44100 | AR21: 0 | AS21: 42900 | AT21: 1246.5 | AU21: 3011 | AV21: 120 | AW21: 620 | AX21: =AU21+AW21 -> 3631 | AY21: ĐL2 | AZ21: PX13 | BA21: PX Đào lò 2 | BB21: 41000 | BC21: 0 | BD21: 39700 | BE21: 1278 | BF21: 0 | BG21: 3088 | BH21: 0 | BI21: 540 | BJ21: 0 | BL21: KT6.
A22: 14 | B22: ĐL3. | C22: PX Đào lò 3 | D22: =SUM(E22:G22) -> 32400 | E22: =SUM(L22,R22,AC22,AI22) -> 0 | F22: =SUMIFS(KH_ĐL!$L:$L,KH_ĐL!$CF:$CF,$B22&F$6)+800 -> 31800 | G22: =SUMIFS(KH_ĐL!$L:$L,KH_ĐL!$CF:$CF,$B22&G$6) -> 600 | H22: =SUM(I22:J22) -> 2611 | I22: =SUMIFS(KH_ĐL!$I:$I,KH_ĐL!$CF:$CF,$B22&I$6) -> 2411 | J22: =SUMIFS(KH_ĐL!$I:$I,KH_ĐL!$CF:$CF,$B22&J$6) -> 200 | K22: =SUM(L22:M22) -> 9800 | L22: =SUMIFS(KH_LC!$AA:$AA,KH_LC!$AQ:$AQ,$B22&L$6) -> 0 | M22: =SUMIFS(KH_LC!$AA:$AA,KH_LC!$AQ:$AQ,$B22&M$6) -> 9800 | N22: =SUMIFS(KH_ĐL!$V:$V,KH_ĐL!$CF:$CF,$B22&N$6) -> 721 | O22: =SUMIFS(KH_ĐL!$V:$V,KH_ĐL!$CF:$CF,$B22&O$6) -> 0 | Q22: =SUM(R22:S22) -> 10500 | R22: =SUMIFS(KH_LC!$AE:$AE,KH_LC!$AQ:$AQ,$B22&R$6) -> 0 | S22: =SUMIFS(KH_LC!$AE:$AE,KH_LC!$AQ:$AQ,$B22&S$6) -> 10500 | T22: =SUMIFS(KH_ĐL!$AH:$AH,KH_ĐL!$CF:$CF,$B22&T$6) -> 780 | U22: =SUMIFS(KH_ĐL!$AH:$AH,KH_ĐL!$CF:$CF,$B22&U$6) -> 0 | V22: =K22+Q22 -> 20300 | X22: =N22+T22 -> 1501 | Z22: =O22+U22 -> 0 | AB22: =SUM(AC22:AD22) -> 7500 | AC22: =SUMIFS(KH_LC!$AI:$AI,KH_LC!$AQ:$AQ,$B22&AC$6) -> 0 | AD22: =SUMIFS(KH_LC!$AI:$AI,KH_LC!$AQ:$AQ,$B22&AD$6) -> 7500 | AE22: =SUMIFS(KH_ĐL!$AT:$AT,KH_ĐL!$CF:$CF,$B22&AE$6) -> 530 | AF22: =SUMIFS(KH_ĐL!$AT:$AT,KH_ĐL!$CF:$CF,$B22&AF$6) -> 80 | AH22: =SUM(AI22:AJ22) -> 4600 | AI22: =SUMIFS(KH_LC!$AM:$AM,KH_LC!$AQ:$AQ,$B22&AI$6) -> 0 | AJ22: =SUMIFS(KH_LC!$AM:$AM,KH_LC!$AQ:$AQ,$B22&AJ$6) -> 4600 | AK22: =SUMIFS(KH_ĐL!$BF:$BF,KH_ĐL!$CF:$CF,$B22&AK$6) -> 380 | AL22: =SUMIFS(KH_ĐL!$BF:$BF,KH_ĐL!$CF:$CF,$B22&AL$6) -> 120 | AO22: 14 | AP22: PX Đào lò 3 | AQ22: 33200 | AR22: 0 | AS22: 32400 | AT22: 774 | AU22: 2870 | AV22: 241 | AW22: 565 | AX22: =AU22+AW22 -> 3435 | AY22: ĐL3 | AZ22: PX14 | BA22: PX Đào lò 3 | BB22: 38500 | BC22: 0 | BD22: 36800 | BE22: 1696.32 | BF22: 0 | BG22: 2700 | BH22: 410 | BI22: 424 | BJ22: 0 | BL22: CGH2.
A23: 15 | B23: ĐL1. | C23: PX Đào lò 1 | D23: =SUM(E23:G23) -> 34700 | E23: =SUM(L23,R23,AC23,AI23) -> 0 | F23: =SUMIFS(KH_ĐL!$L:$L,KH_ĐL!$CF:$CF,$B23&F$6)+800 -> 34700 | G23: =SUMIFS(KH_ĐL!$L:$L,KH_ĐL!$CF:$CF,$B23&G$6) -> 0 | H23: =SUM(I23:J23) -> 2660 | I23: =SUMIFS(KH_ĐL!$I:$I,KH_ĐL!$CF:$CF,$B23&I$6) -> 2225 | J23: =SUMIFS(KH_ĐL!$I:$I,KH_ĐL!$CF:$CF,$B23&J$6) -> 435 | K23: =SUM(L23:M23)-300 -> 7100 | L23: =SUMIFS(KH_LC!$AA:$AA,KH_LC!$AQ:$AQ,$B23&L$6) -> 0 | M23: =SUMIFS(KH_LC!$AA:$AA,KH_LC!$AQ:$AQ,$B23&M$6) -> 7400 | N23: =SUMIFS(KH_ĐL!$V:$V,KH_ĐL!$CF:$CF,$B23&N$6) -> 500 | O23: =SUMIFS(KH_ĐL!$V:$V,KH_ĐL!$CF:$CF,$B23&O$6) -> 110 | Q23: =SUM(R23:S23) -> 9700 | R23: =SUMIFS(KH_LC!$AE:$AE,KH_LC!$AQ:$AQ,$B23&R$6) -> 0 | S23: =SUMIFS(KH_LC!$AE:$AE,KH_LC!$AQ:$AQ,$B23&S$6) -> 9700 | T23: =SUMIFS(KH_ĐL!$AH:$AH,KH_ĐL!$CF:$CF,$B23&T$6) -> 565 | U23: =SUMIFS(KH_ĐL!$AH:$AH,KH_ĐL!$CF:$CF,$B23&U$6) -> 110 | V23: =K23+Q23 -> 16800 | X23: =N23+T23 -> 1065 | Z23: =O23+U23 -> 220 | AB23: =SUM(AC23:AD23) -> 8800 | AC23: =SUMIFS(KH_LC!$AI:$AI,KH_LC!$AQ:$AQ,$B23&AC$6) -> 0 | AD23: =SUMIFS(KH_LC!$AI:$AI,KH_LC!$AQ:$AQ,$B23&AD$6) -> 8800 | AE23: =SUMIFS(KH_ĐL!$AT:$AT,KH_ĐL!$CF:$CF,$B23&AE$6) -> 605 | AF23: =SUMIFS(KH_ĐL!$AT:$AT,KH_ĐL!$CF:$CF,$B23&AF$6) -> 110 | AH23: =SUM(AI23:AJ23) -> 8800 | AI23: =SUMIFS(KH_LC!$AM:$AM,KH_LC!$AQ:$AQ,$B23&AI$6) -> 0 | AJ23: =SUMIFS(KH_LC!$AM:$AM,KH_LC!$AQ:$AQ,$B23&AJ$6) -> 8800 | AK23: =SUMIFS(KH_ĐL!$BF:$BF,KH_ĐL!$CF:$CF,$B23&AK$6) -> 555 | AL23: =SUMIFS(KH_ĐL!$BF:$BF,KH_ĐL!$CF:$CF,$B23&AL$6) -> 105 | AO23: 15 | AP23: PX Đào lò 4 | AQ23: 40000 | AR23: 0 | AS23: 38700 | AT23: 1290 | AU23: 2910 | AV23: 435 | AW23: 600 | AX23: =AU23+AW23 -> 3510 | AY23: ĐL4 | AZ23: PX15 | BA23: PX Đào lò 4 | BB23: 37300 | BC23: 0 | BD23: 36300 | BE23: 960 | BF23: 0 | BG23: 2791 | BH23: 1398 | BI23: 557 | BJ23: 0 | BL23: CGH1.
A24: 16 | B24: ĐL5. | C24: PX Đào lò 5 | D24: =SUM(E24:G24) -> 30600 | E24: =SUM(L24,R24,AC24,AI24) -> 0 | F24: =SUMIFS(KH_ĐL!$L:$L,KH_ĐL!$CF:$CF,$B24&F$6)+1000 -> 30600 | G24: =SUMIFS(KH_ĐL!$L:$L,KH_ĐL!$CF:$CF,$B24&G$6) -> 0 | H24: =SUM(I24:J24) -> 2658 | I24: =SUMIFS(KH_ĐL!$I:$I,KH_ĐL!$CF:$CF,$B24&I$6) -> 2273 | J24: =SUMIFS(KH_ĐL!$I:$I,KH_ĐL!$CF:$CF,$B24&J$6) -> 385 | K24: =SUM(L24:M24) -> 7400 | L24: =SUMIFS(KH_LC!$AA:$AA,KH_LC!$AQ:$AQ,$B24&L$6) -> 0 | M24: =SUMIFS(KH_LC!$AA:$AA,KH_LC!$AQ:$AQ,$B24&M$6) -> 7400 | N24: =SUMIFS(KH_ĐL!$V:$V,KH_ĐL!$CF:$CF,$B24&N$6) -> 655 | O24: =SUMIFS(KH_ĐL!$V:$V,KH_ĐL!$CF:$CF,$B24&O$6) -> 0 | Q24: =SUM(R24:S24) -> 10400 | R24: =SUMIFS(KH_LC!$AE:$AE,KH_LC!$AQ:$AQ,$B24&R$6) -> 0 | S24: =SUMIFS(KH_LC!$AE:$AE,KH_LC!$AQ:$AQ,$B24&S$6) -> 10400 | T24: =SUMIFS(KH_ĐL!$AH:$AH,KH_ĐL!$CF:$CF,$B24&T$6) -> 783 | U24: =SUMIFS(KH_ĐL!$AH:$AH,KH_ĐL!$CF:$CF,$B24&U$6) -> 0 | V24: =K24+Q24 -> 17800 | X24: =N24+T24 -> 1438 | Z24: =O24+U24 -> 0 | AB24: =SUM(AC24:AD24) -> 7000 | AC24: =SUMIFS(KH_LC!$AI:$AI,KH_LC!$AQ:$AQ,$B24&AC$6) -> 0 | AD24: =SUMIFS(KH_LC!$AI:$AI,KH_LC!$AQ:$AQ,$B24&AD$6) -> 7000 | AE24: =SUMIFS(KH_ĐL!$AT:$AT,KH_ĐL!$CF:$CF,$B24&AE$6) -> 445 | AF24: =SUMIFS(KH_ĐL!$AT:$AT,KH_ĐL!$CF:$CF,$B24&AF$6) -> 150 | AH24: =SUM(AI24:AJ24) -> 5800 | AI24: =SUMIFS(KH_LC!$AM:$AM,KH_LC!$AQ:$AQ,$B24&AI$6) -> 0 | AJ24: =SUMIFS(KH_LC!$AM:$AM,KH_LC!$AQ:$AQ,$B24&AJ$6) -> 5800 | AK24: =SUMIFS(KH_ĐL!$BF:$BF,KH_ĐL!$CF:$CF,$B24&AK$6) -> 390 | AL24: =SUMIFS(KH_ĐL!$BF:$BF,KH_ĐL!$CF:$CF,$B24&AL$6) -> 235 | AO24: 16 | AP24: PX Đào lò 5 | AQ24: 29200 | AR24: 0 | AS24: 27800 | AT24: 1393.05 | AU24: 2781 | AV24: 0 | AW24: 643 | AX24: =AU24+AW24 -> 3424 | AY24: ĐL5 | AZ24: PX16 | BA24: PX Đào lò 5 | BB24: 26500 | BC24: 0 | BD24: 26500 | BE24: 0 | BF24: 0 | BG24: 2675 | BH24: 140 | BI24: 650 | BJ24: 0 | BL24: KT9.
A25: 17 | B25: ĐL6. | C25: PX Đào lò 6 | D25: =SUM(E25:G25) -> 34800 | E25: =SUM(L25,R25,AC25,AI25) -> 0 | F25: =SUMIFS(KH_ĐL!$L:$L,KH_ĐL!$CF:$CF,$B25&F$6)+200 -> 34400 | G25: =SUMIFS(KH_ĐL!$L:$L,KH_ĐL!$CF:$CF,$B25&G$6) -> 400 | H25: =SUM(I25:J25) -> 2722 | I25: =SUMIFS(KH_ĐL!$I:$I,KH_ĐL!$CF:$CF,$B25&I$6) -> 2362 | J25: =SUMIFS(KH_ĐL!$I:$I,KH_ĐL!$CF:$CF,$B25&J$6) -> 360 | K25: =SUM(L25:M25) -> 9800 | L25: =SUMIFS(KH_LC!$AA:$AA,KH_LC!$AQ:$AQ,$B25&L$6) -> 0 | M25: =SUMIFS(KH_LC!$AA:$AA,KH_LC!$AQ:$AQ,$B25&M$6) -> 9800 | N25: =SUMIFS(KH_ĐL!$V:$V,KH_ĐL!$CF:$CF,$B25&N$6) -> 560 | O25: =SUMIFS(KH_ĐL!$V:$V,KH_ĐL!$CF:$CF,$B25&O$6) -> 90 | Q25: =SUM(R25:S25) -> 10100 | R25: =SUMIFS(KH_LC!$AE:$AE,KH_LC!$AQ:$AQ,$B25&R$6) -> 0 | S25: =SUMIFS(KH_LC!$AE:$AE,KH_LC!$AQ:$AQ,$B25&S$6) -> 10100 | T25: =SUMIFS(KH_ĐL!$AH:$AH,KH_ĐL!$CF:$CF,$B25&T$6) -> 627 | U25: =SUMIFS(KH_ĐL!$AH:$AH,KH_ĐL!$CF:$CF,$B25&U$6) -> 90 | V25: =K25+Q25 -> 19900 | X25: =N25+T25 -> 1187 | Z25: =O25+U25 -> 180 | AB25: =SUM(AC25:AD25) -> 7100 | AC25: =SUMIFS(KH_LC!$AI:$AI,KH_LC!$AQ:$AQ,$B25&AC$6) -> 0 | AD25: =SUMIFS(KH_LC!$AI:$AI,KH_LC!$AQ:$AQ,$B25&AD$6) -> 7100 | AE25: =SUMIFS(KH_ĐL!$AT:$AT,KH_ĐL!$CF:$CF,$B25&AE$6) -> 578 | AF25: =SUMIFS(KH_ĐL!$AT:$AT,KH_ĐL!$CF:$CF,$B25&AF$6) -> 90 | AH25: =SUM(AI25:AJ25) -> 7800 | AI25: =SUMIFS(KH_LC!$AM:$AM,KH_LC!$AQ:$AQ,$B25&AI$6) -> 0 | AJ25: =SUMIFS(KH_LC!$AM:$AM,KH_LC!$AQ:$AQ,$B25&AJ$6) -> 7800 | AK25: =SUMIFS(KH_ĐL!$BF:$BF,KH_ĐL!$CF:$CF,$B25&AK$6) -> 597 | AL25: =SUMIFS(KH_ĐL!$BF:$BF,KH_ĐL!$CF:$CF,$B25&AL$6) -> 90 | AO25: 17 | AP25: PX Đào lò 6 | AQ25: 37300 | AR25: 0 | AS25: 37300 | AT25: 0 | AU25: 2864 | AV25: 316 | AW25: 450 | AX25: =AU25+AW25 -> 3314 | AY25: ĐL6 | AZ25: PX17 | BA25: PX Đào lò 6 | BB25: 25600 | BC25: 0 | BD25: 25300 | BE25: 270 | BF25: 0 | BG25: 2088 | BH25: 0 | BI25: 525 | BJ25: 0 | BL25: KT10.
A26: 18 | B26: XLM. | C26: C. ty XLM | D26: =SUM(E26:G26) -> 2500 | E26: =SUM(L26,R26,AC26,AI26) -> 0 | F26: =SUMIFS(KH_ĐL!$L:$L,KH_ĐL!$CF:$CF,$B26&F$6)+100 -> 2500 | G26: =SUMIFS(KH_ĐL!$L:$L,KH_ĐL!$CF:$CF,$B26&G$6) -> 0 | H26: =SUM(I26:J26) -> 3133 | I26: =SUMIFS(KH_ĐL!$I:$I,KH_ĐL!$CF:$CF,$B26&I$6) -> 3000 | J26: =SUMIFS(KH_ĐL!$I:$I,KH_ĐL!$CF:$CF,$B26&J$6) -> 133 | K26: =SUM(L26:M26) -> 0 | L26: =SUMIFS(KH_LC!$AA:$AA,KH_LC!$AQ:$AQ,$B26&L$6) -> 0 | M26: =SUMIFS(KH_LC!$AA:$AA,KH_LC!$AQ:$AQ,$B26&M$6) -> 0 | N26: =SUMIFS(KH_ĐL!$V:$V,KH_ĐL!$CF:$CF,$B26&N$6) -> 647 | O26: =SUMIFS(KH_ĐL!$V:$V,KH_ĐL!$CF:$CF,$B26&O$6) -> 120 | Q26: =SUM(R26:S26) -> 1900 | R26: =SUMIFS(KH_LC!$AE:$AE,KH_LC!$AQ:$AQ,$B26&R$6) -> 0 | S26: =SUMIFS(KH_LC!$AE:$AE,KH_LC!$AQ:$AQ,$B26&S$6) -> 1900 | T26: =SUMIFS(KH_ĐL!$AH:$AH,KH_ĐL!$CF:$CF,$B26&T$6) -> 905 | U26: =SUMIFS(KH_ĐL!$AH:$AH,KH_ĐL!$CF:$CF,$B26&U$6) -> 13 | V26: =K26+Q26 -> 1900 | X26: =N26+T26 -> 1552 | Z26: =O26+U26 -> 133 | AB26: =SUM(AC26:AD26) -> 200 | AC26: =SUMIFS(KH_LC!$AI:$AI,KH_LC!$AQ:$AQ,$B26&AC$6) -> 0 | AD26: =SUMIFS(KH_LC!$AI:$AI,KH_LC!$AQ:$AQ,$B26&AD$6) -> 200 | AE26: =SUMIFS(KH_ĐL!$AT:$AT,KH_ĐL!$CF:$CF,$B26&AE$6) -> 788 | AF26: =SUMIFS(KH_ĐL!$AT:$AT,KH_ĐL!$CF:$CF,$B26&AF$6) -> 0 | AH26: =SUM(AI26:AJ26) -> 400 | AI26: =SUMIFS(KH_LC!$AM:$AM,KH_LC!$AQ:$AQ,$B26&AI$6) -> 0 | AJ26: =SUMIFS(KH_LC!$AM:$AM,KH_LC!$AQ:$AQ,$B26&AJ$6) -> 400 | AK26: =SUMIFS(KH_ĐL!$BF:$BF,KH_ĐL!$CF:$CF,$B26&AK$6) -> 660 | AL26: =SUMIFS(KH_ĐL!$BF:$BF,KH_ĐL!$CF:$CF,$B26&AL$6) -> 0 | AO26: 18 | AP26: C. ty Xây lắp mỏ | AQ26: 10500 | AS26: 10530 | AT26: 0 | AU26: 3613.9 | AV26: 0 | AW26: 1610 | AX26: =AU26+AW26 -> 5223.9 | AY26: TN | AZ26: TN1 | BA26: C. ty Xây lắp mỏ | BB26: 0 | BC26: 0 | BD26: 0 | BE26: 0 | BF26: 0 | BG26: 3574 | BH26: 0 | BI26: 280 | BJ26: 0 | BL26: KT11.
A27: 19 | B27: TN. | C27: Thuê ngoài TKV | D27: =SUM(E27:G27) -> 37500 | E27: =SUM(L27,R27,AC27,AI27) -> 0 | F27: =SUMIFS(KH_ĐL!$L:$L,KH_ĐL!$CF:$CF,$B27&F$6)+900 -> 32500 | G27: =SUMIFS(KH_ĐL!$L:$L,KH_ĐL!$CF:$CF,$B27&G$6) -> 5000 | H27: =SUM(I27:J27) -> 6367 | I27: =SUMIFS(KH_ĐL!$I:$I,KH_ĐL!$CF:$CF,$B27&I$6) -> 3500 | J27: =SUMIFS(KH_ĐL!$I:$I,KH_ĐL!$CF:$CF,$B27&J$6) -> 2867 | K27: =SUM(L27:M27) -> 3600 | L27: =SUMIFS(KH_LC!$AA:$AA,KH_LC!$AQ:$AQ,$B27&L$6) -> 0 | M27: =SUMIFS(KH_LC!$AA:$AA,KH_LC!$AQ:$AQ,$B27&M$6) -> 3600 | N27: =SUMIFS(KH_ĐL!$V:$V,KH_ĐL!$CF:$CF,$B27&N$6) -> 245 | O27: =SUMIFS(KH_ĐL!$V:$V,KH_ĐL!$CF:$CF,$B27&O$6) -> 811 | Q27: =SUM(R27:S27) -> 13500 | R27: =SUMIFS(KH_LC!$AE:$AE,KH_LC!$AQ:$AQ,$B27&R$6) -> 0 | S27: =SUMIFS(KH_LC!$AE:$AE,KH_LC!$AQ:$AQ,$B27&S$6) -> 13500 | T27: =SUMIFS(KH_ĐL!$AH:$AH,KH_ĐL!$CF:$CF,$B27&T$6) -> 1180 | U27: =SUMIFS(KH_ĐL!$AH:$AH,KH_ĐL!$CF:$CF,$B27&U$6) -> 1140 | V27: =K27+Q27 -> 17100 | X27: =N27+T27 -> 1425 | Z27: =O27+U27 -> 1951 | AB27: =SUM(AC27:AD27) -> 13900 | AC27: =SUMIFS(KH_LC!$AI:$AI,KH_LC!$AQ:$AQ,$B27&AC$6) -> 0 | AD27: =SUMIFS(KH_LC!$AI:$AI,KH_LC!$AQ:$AQ,$B27&AD$6) -> 13900 | AE27: =SUMIFS(KH_ĐL!$AT:$AT,KH_ĐL!$CF:$CF,$B27&AE$6) -> 1330 | AF27: =SUMIFS(KH_ĐL!$AT:$AT,KH_ĐL!$CF:$CF,$B27&AF$6) -> 721 | AH27: =SUM(AI27:AJ27) -> 6500 | AI27: =SUMIFS(KH_LC!$AM:$AM,KH_LC!$AQ:$AQ,$B27&AI$6) -> 0 | AJ27: =SUMIFS(KH_LC!$AM:$AM,KH_LC!$AQ:$AQ,$B27&AJ$6) -> 6500 | AK27: =SUMIFS(KH_ĐL!$BF:$BF,KH_ĐL!$CF:$CF,$B27&AK$6) -> 745 | AL27: =SUMIFS(KH_ĐL!$BF:$BF,KH_ĐL!$CF:$CF,$B27&AL$6) -> 195 | BL27: CGĐB.
AZ28: TN2 | BA28: Thuê ngoài TKV | BB28: 23300 | BC28: 0 | BD28: 22900 | BE28: 360 | BF28: 0 | BG28: 2426 | BH28: 0 | BI28: 660 | BJ28: 0 | BL28: BCG.
BL29: ĐL3.
C30: Ghi chú: Trong quá trình triển khai thực hiện kế hoạch năm 2026 nếu có sai khác, điều kiện biến động thì căn cứ vào điều kiện thực tế Công ty sẽ có điều chỉnh phù hợp. | AP30: Ghi chú: Trong quá trình triển khai thực hiện kế hoạch năm 2025 nếu có sai khác, điều kiện biến động thì căn cứ vào điều kiện thực tế Công ty sẽ có điều chỉnh phù hợp. | BL30: ĐL1.
BL31: ĐL5.
BL32: ĐL6.
BL33: XLM.
BL34: TN.

Sheet KH_ĐL
B2: -2
B3: H/S | C3: 1.63 | CC3: Lọc khai thác: PX&KT
B4: H/S | C4: Các H/s ko xóa | O4: =120/25 -> 4.8 | P4: =O4*16 -> 76.8 | CC4: Lọc đào lò: PX&ĐL& Lò
A5: ĐL | B5: 0.735 | C5: KẾ HOẠCH ĐÀO, XÉN LÒ NĂM 2026 | BK5: BIỂU TÍNH SẢN LƯỢNG KO XOÁ, ĐIỀN DỮ LIỆU | CC5: Lọc xén lò: PX&XL& Xé | CH5: =20827-I14 -> -4573
A6: XL | B6: 0.22 | AH6: =AH13-AE13-AB13-Y13 -> 0 | AI6: =AI13-AF13-AC13-Z13 -> 10 | AT6: =AT13-AQ13-AN13-AK13 -> 0 | AU6: =AU13-AR13-AO13-AL13 -> 0 | BF6: =BF13-BC13-AZ13-AW13 -> 160 | BG6: =BG13-BD13-BA13-AX13 -> 50 | BH6: =I13-V13-AH13-AT13-BF13 -> 1075.5 | BI6: =J13-W13-AI13-AU13-BG13 -> 538 | BJ6: =L13-BN13-BR13-BV13-BZ13 -> -3300
C7: KẾ HOẠCH ĐÀO, XÉN LÒ NĂM 2027
I8: =SUBTOTAL(9,I18:I412) -> 97661.5
A9: h | B9: STT | C9: KHU VỰC, VỈA THAN, ĐƯỜNG LÒ | D9: VLC | G9: Sđ (m2) | H9: B/c (m/vì) | I9: KH NĂM 2027 | M9: LỊCH THI CÔNG | BI9: Ghi chú | BJ9: % | BK9: THAN ĐÀO, XÉN LÒ 2026
A10: =A9 -> h | I10: Tổng | J10: Đá | K10: Than | L10: SL | M10: T1 | P10: T2 | S10: T3 | V10: QI | Y10: T4 | AB10: T5 | AE10: T6 | AH10: QII | AK10: T7 | AN10: T8 | AQ10: T9 | AT10: QIII | AW10: T10 | AZ10: T11 | BC10: T12 | BF10: QIV | BJ10: =(V14+AH14)/26195 -> 0.52338232 | BK10: T1 | BL10: T2 | BM10: T3 | BN10: QI | BO10: T4 | BP10: T5 | BQ10: T6 | BR10: QII | BS10: T7 | BT10: T8 | BU10: T9 | BV10: QIII | BW10: T10 | BX10: T11 | BY10: T12 | BZ10: QIV | CC10: T7 | CD10: T8 | CE10: T9 | CF10: T10 | CG10: T11 | CH10: T12
A11: =A10 -> h | M11: Tổng | N11: Đá | O11: Than | P11: Tổng | Q11: Đá | R11: Than | S11: Tổng | T11: Đá | U11: Than | V11: Tổng | W11: Đá | X11: Than | Y11: Tổng | Z11: Đá | AA11: Than | AB11: Tổng | AC11: Đá | AD11: Than | AE11: Tổng | AF11: Đá | AG11: Than | AH11: Tổng | AI11: Đá | AJ11: Than | AK11: Tổng | AL11: Đá | AM11: Than | AN11: Tổng | AO11: Đá | AP11: Than | AQ11: Tổng | AR11: Đá | AS11: Than | AT11: Tổng | AU11: Đá | AV11: Than | AW11: Tổng | AX11: Đá | AY11: Than | AZ11: Tổng | BA11: Đá | BB11: Than | BC11: Tổng | BD11: Đá | BE11: Than | BF11: Tổng | BG11: Đá | BH11: Than | BJ11: =(V14+AH14)/I14 -> 0.53976378
A12: =A11 -> h | B12: a | C12: 2 | D12: 3 | G12: 4 | H12: 5 | I12: 6 | J12: 7 | K12: 8 | L12: 12 | BI12: 29
A13: =A12 -> h | B13: a | C13: TỔNG CỘNG (A+B) | I13: =I16+I319+I379 -> 32862.5 | J13: =J16+J319+J379 -> 12489.5 | K13: =K16+K319+K379 -> 20373 | L13: =L16+L319+L379 -> 276800 | M13: =M16+M319+M379 -> 2983.5 | N13: =N16+N319+N379 -> 1185 | O13: =O16+O319+O379 -> 1798.5 | P13: =P16+P319+P379 -> 2222.5 | ... BH13: =BH16+BH319+BH379 -> 3867 | BI13: =(V14+AH14)/I14 -> 0.53976378 | BK13: =BK16+BK319+BK379 -> 25200 | BL13: =BL16+BL319+BL379 -> 19500 | BM13: =BM16+BM319+BM379 -> 27200 | BN13: =BN16+BN319+BN379 -> 70800 | BO13: =BO16+BO319+BO379 -> 27900 | BP13: =BP16+BP319+BP379 -> 27800 | BQ13: =BQ16+BQ319+BQ379 -> 27500 | BR13: =BR16+BR319+BR379 -> 81800 | ... BZ13: =BZ16+BZ319+BZ379 -> 53600 | CA13: =BZ13+BV13+BR13+BN13 -> 280100 | CB13: =IF(SUM(I13:L13)<>0,"X") -> X | CC13: KHÔNG XÓA
A14: =#REF! -> #REF! | B14: a | C14: ĐL CBSX | I14: =I18+I31+I45+I62+I77+I92+I107+I117+I127+I139+I149+I166+I191+I215+I243+I267+I293+I320+I380 -> 25400 | J14: =J18+J31+J45+J62+J77+J92+J107+J117+J127+J139+J149+J166+J191+J215+J243+J267+J293+J320+J380 -> 8421 | K14: =K18+K31+K45+K62+K77+K92+K107+K117+K127+K139+K149+K166+K191+K215+K243+K267+K293+K320+K380 -> 16979 | L14: =L18+L31+L45+L62+L77+L92+L107+L117+L127+L139+L149+L166+L191+L215+L243+L267+L293+L320+L380 -> 269100 | M14: =M18+M31+M45+M62+M77+M92+M107+M117+M127+M139+M149+M166+M191+M215+M243+M267+M293+M320+M380 -> 2400 | N14: =N18+N31+N45+N62+N77+N92+N107+N117+N127+N139+N149+N166+N191+N215+N243+N267+N293+N320+N380 -> 860 | O14: =O18+O31+O45+O62+O77+O92+O107+O117+O127+O139+O149+O166+O191+O215+O243+O267+O293+O320+O380 -> 1540 | P14: =P18+P31+P45+P62+P77+P92+P107+P117+P127+P139+P149+P166+P191+P215+P243+P267+P293+P320+P380 -> 1730 | ... BH14: =BH18+BH31+BH45+BH62+BH77+BH92+BH107+BH117+BH127+BH139+BH149+BH166+BH191+BH215+BH243+BH267+BH293+BH320+BH380 -> 3312 | BI14: =(V14+AH14)/26300 -> 0.52129278 | BJ14: PX | BK14: =BK18+BK31+BK45+BK62+BK77+BK92+BK107+BK117+BK127+BK139+BK149+BK166+BK191+BK215+BK243+BK267+BK293+BK320+BK380 -> 24300 | BL14: =BL18+BL31+BL45+BL62+BL77+BL92+BL107+BL117+BL127+BL139+BL149+BL166+BL191+BL215+BL243+BL267+BL293+BL320+BL380 -> 18500 | BM14: =BM18+BM31+BM45+BM62+BM77+BM92+BM107+BM117+BM127+BM139+BM149+BM166+BM191+BM215+BM243+BM267+BM293+BM320+BM380 -> 26400 | BN14: =BN18+BN31+BN45+BN62+BN77+BN92+BN107+BN117+BN127+BN139+BN149+BN166+BN191+BN215+BN243+BN267+BN293+BN320+BN380 -> 68200 | BO14: =BO18+BO31+BO45+BO62+BO77+BO92+BO107+BO117+BO127+BO139+BO149+BO166+BO191+BO215+BO243+BO267+BO293+BO320+BO380 -> 26900 | BP14: =BP18+BP31+BP45+BP62+BP77+BP92+BP107+BP117+BP127+BP139+BP149+BP166+BP191+BP215+BP243+BP267+BP293+BP320+BP380 -> 26700 | BQ14: =BQ18+BQ31+BQ45+BQ62+BQ77+BQ92+BQ107+BQ117+BQ127+BQ139+BQ149+BQ166+BQ191+BQ215+BQ243+BQ267+BQ293+BQ320+BQ380 -> 26700 | BR14: =BR18+BR31+BR45+BR62+BR77+BR92+BR107+BR117+BR127+BR139+BR149+BR166+BR191+BR215+BR243+BR267+BR293+BR320+BR380 -> 78900 | ... BZ14: =BZ18+BZ31+BZ45+BZ62+BZ77+BZ92+BZ107+BZ117+BZ127+BZ139+BZ149+BZ166+BZ191+BZ215+BZ243+BZ267+BZ293+BZ320+BZ380 -> 51600 | CA14: =(V14+AH14)*100/26600 -> 51.541353 | CB14: =IF(SUM(I14:L14)<>0,"X") -> X | CG14: =I14-V14-AH14-AT14-BF14 -> 0
A15: =A14 -> #REF! | B15: a | C15: XL CBSX | D15: =BG15/BF15 -> 0.60625 | I15: =I26+I39+I56+I72+I86+I102+I112+I123+I135+I145+I161+I185+I207+I236+I261+I287+I313+I369+I397 -> 7500 | J15: =J26+J39+J56+J72+J86+J102+J112+J123+J135+J145+J161+J185+J207+J236+J261+J287+J313+J369+J397 -> 4086 | K15: =K26+K39+K56+K72+K86+K102+K112+K123+K135+K145+K161+K185+K207+K236+K261+K287+K313+K369+K397 -> 3414 | L15: =L26+L39+L56+L72+L86+L102+L112+L123+L135+L145+L161+L185+L207+L236+L261+L287+L313+L369+L397 -> 10700 | M15: =M26+M39+M56+M72+M86+M102+M112+M123+M135+M145+M161+M185+M207+M236+M261+M287+M313+M369+M397 -> 619 | N15: =N26+N39+N56+N72+N86+N102+N112+N123+N135+N145+N161+N185+N207+N236+N261+N287+N313+N369+N397 -> 330 | O15: =O26+O39+O56+O72+O86+O102+O112+O123+O135+O145+O161+O185+O207+O236+O261+O287+O313+O369+O397 -> 289 | P15: =P26+P39+P56+P72+P86+P102+P112+P123+P135+P145+P161+P185+P207+P236+P261+P287+P313+P369+P397 -> 575 | ... BH15: =BH26+BH39+BH56+BH72+BH86+BH102+BH112+BH123+BH135+BH145+BH161+BH185+BH207+BH236+BH261+BH287+BH313+BH369+BH397 -> 630 | BJ15: PX | BK15: =BK26+BK39+BK56+BK72+BK86+BK102+BK112+BK123+BK135+BK145+BK161+BK185+BK207+BK236+BK261+BK287+BK313+BK369+BK397 -> 900 | BL15: =BL26+BL39+BL56+BL72+BL86+BL102+BL112+BL123+BL135+BL145+BL161+BL185+BL207+BL236+BL261+BL287+BL313+BL369+BL397 -> 1000 | BM15: =BM26+BM39+BM56+BM72+BM86+BM102+BM112+BM123+BM135+BM145+BM161+BM185+BM207+BM236+BM261+BM287+BM313+BM369+BM397 -> 800 | BN15: =BN26+BN39+BN56+BN72+BN86+BN102+BN112+BN123+BN135+BN145+BN161+BN185+BN207+BN236+BN261+BN287+BN313+BN369+BN397 -> 2600 | BO15: =BO26+BO39+BO56+BO72+BO86+BO102+BO112+BO123+BO135+BO145+BO161+BO185+BO207+BO236+BO261+BO287+BO313+BO369+BO397 -> 1000 | BP15: =BP26+BP39+BP56+BP72+BP86+BP102+BP112+BP123+BP135+BP145+BP161+BP185+BP207+BP236+BP261+BP287+BP313+BP369+BP397 -> 1100 | BQ15: =BQ26+BQ39+BQ56+BQ72+BQ86+BQ102+BQ112+BQ123+BQ135+BQ145+BQ161+BQ185+BQ207+BQ236+BQ261+BQ287+BQ313+BQ369+BQ397 -> 800 | BR15: =BR26+BR39+BR56+BR72+BR86+BR102+BR112+BR123+BR135+BR145+BR161+BR185+BR207+BR236+BR261+BR287+BR313+BR369+BR397 -> 3100 | ... BZ15: =BZ26+BZ39+BZ56+BZ72+BZ86+BZ102+BZ112+BZ123+BZ135+BZ145+BZ161+BZ185+BZ207+BZ236+BZ261+BZ287+BZ313+BZ369+BZ397 -> 2000 | CB15: =IF(SUM(I15:L15)<>0,"X") -> X
A16: =A15 -> #REF! | B16: A | C16: PHẦN TỰ LÀM | I16: =I17+I30+I44+I61+I76+I91+I106+I116+I126+I138+I148+I165+I190+I214+I242+I266+I292 -> 23362.5 | J16: =J17+J30+J44+J61+J76+J91+J106+J116+J126+J138+J148+J165+J190+J214+J242+J266+J292 -> 6935.5 | K16: =K17+K30+K44+K61+K76+K91+K106+K116+K126+K138+K148+K165+K190+K214+K242+K266+K292 -> 16427 | L16: =L17+L30+L44+L61+L76+L91+L106+L116+L126+L138+L148+L165+L190+L214+L242+L266+L292 -> 237800 | M16: =M17+M30+M44+M61+M76+M91+M106+M116+M126+M138+M148+M165+M190+M214+M242+M266+M292 -> 2508 | N16: =N17+N30+N44+N61+N76+N91+N106+N116+N126+N138+N148+N165+N190+N214+N242+N266+N292 -> 830 | O16: =O17+O30+O44+O61+O76+O91+O106+O116+O126+O138+O148+O165+O190+O214+O242+O266+O292 -> 1678 | P16: =P17+P30+P44+P61+P76+P91+P106+P116+P126+P138+P148+P165+P190+P214+P242+P266+P292 -> 1801 | ... BH16: =BH17+BH30+BH44+BH61+BH76+BH91+BH106+BH116+BH126+BH138+BH148+BH165+BH190+BH214+BH242+BH266+BH292 -> 3322 | BJ16: PX | BK16: =BK17+BK30+BK44+BK61+BK76+BK91+BK106+BK116+BK126+BK138+BK148+BK165+BK190+BK214+BK242+BK266+BK292 -> 24500 | BL16: =BL17+BL30+BL44+BL61+BL76+BL91+BL106+BL116+BL126+BL138+BL148+BL165+BL190+BL214+BL242+BL266+BL292 -> 18500 | BM16: =BM17+BM30+BM44+BM61+BM76+BM91+BM106+BM116+BM126+BM138+BM148+BM165+BM190+BM214+BM242+BM266+BM292 -> 25300 | BN16: =BN17+BN30+BN44+BN61+BN76+BN91+BN106+BN116+BN126+BN138+BN148+BN165+BN190+BN214+BN242+BN266+BN292 -> 67200 | BO16: =BO17+BO30+BO44+BO61+BO76+BO91+BO106+BO116+BO126+BO138+BO148+BO165+BO190+BO214+BO242+BO266+BO292 -> 22800 | BP16: =BP17+BP30+BP44+BP61+BP76+BP91+BP106+BP116+BP126+BP138+BP148+BP165+BP190+BP214+BP242+BP266+BP292 -> 22600 | BQ16: =BQ17+BQ30+BQ44+BQ61+BQ76+BQ91+BQ106+BQ116+BQ126+BQ138+BQ148+BQ165+BQ190+BQ214+BQ242+BQ266+BQ292 -> 22400 | BR16: =BR17+BR30+BR44+BR61+BR76+BR91+BR106+BR116+BR126+BR138+BR148+BR165+BR190+BR214+BR242+BR266+BR292 -> 66700 | ... BZ16: =BZ17+BZ30+BZ44+BZ61+BZ76+BZ91+BZ106+BZ116+BZ126+BZ138+BZ148+BZ165+BZ190+BZ214+BZ242+BZ266+BZ292 -> 47000 | CB16: =IF(SUM(I16:L16)<>0,"X") -> X | CC16: PX | CD16: Tiết diện | CE16: Lò đào, xén
A17: =A16 -> #REF! | B17: 1 | C17: PX KT1 | I17: =SUM(I18:I29)/2 -> 1001 | J17: =SUM(J18:J29)/2 -> 246 | K17: =SUM(K18:K29)/2 -> 755 | L17: =SUM(L18:L27)/2 -> 8900 | M17: =SUM(M18:M29)/2 -> 160 | N17: =SUM(N18:N29)/2 -> 35 | O17: =SUM(O18:O29)/2 -> 125 | P17: =SUM(P18:P29)/2 -> 50 | Q17: =SUM(Q18:Q29)/2 -> 15 | R17: =SUM(R18:R29)/2 -> 35 | S17: =SUM(S18:S29)/2 -> 120 | T17: =SUM(T18:T29)/2 -> 30 | ... X17: =SUM(X18:X29)/2 -> 250 | Y17: =SUM(Y18:Y27)/2 -> 65 | Z17: =SUM(Z18:Z27)/2 -> 18 | AA17: =SUM(AA18:AA27)/2 -> 47 | AB17: =SUM(AB18:AB27)/2 -> 70 | AC17: =SUM(AC18:AC27)/2 -> 20 | AD17: =SUM(AD18:AD27)/2 -> 50 | AE17: =SUM(AE18:AE27)/2 -> 60 | AF17: =SUM(AF18:AF27)/2 -> 18 | ... BH17: =SUM(BH18:BH27)/2 -> 140 | BJ17: =LEFT(C17,2) -> PX | BK17: =SUM(BK18:BK29)/2 -> 1300 | BL17: =SUM(BL18:BL29)/2 -> 500 | BM17: =SUM(BM18:BM29)/2 -> 1100 | BN17: =SUM(BN18:BN29)/2 -> 2900 | BO17: =SUM(BO18:BO29)/2 -> 600 | BP17: =SUM(BP18:BP29)/2 -> 600 | BQ17: =SUM(BQ18:BQ29)/2 -> 600 | BR17: =SUM(BR18:BR29)/2 -> 1800 | ... BZ17: =SUM(BZ18:BZ29)/2 -> 1500 | CB17: =IF(SUM(I17:L17)<>0,"X") -> X | CC17: KT1. | CD17: =CC17&G17 -> KT1. | CE17: =LEFT(C17,2) -> PX | CF17: =CC17&CE17 -> KT1.PX
A18: =#REF! -> #REF! | B18: a | C18: ĐL CBSX (Đào lò) | I18: =SUM(I19:I25) -> 896 | J18: =SUM(J19:J25) -> 201 | K18: =SUM(K19:K25) -> 695 | L18: =SUM(L19:L25) -> 8700 | M18: =SUM(M19:M25) -> 120 | N18: =SUM(N19:N25) -> 25 | O18: =SUM(O19:O25) -> 95 | P18: =SUM(P19:P25) -> 50 | ... BH18: =SUM(BH19:BH25) -> 110 | BJ18: =LEFT(C18,2) -> ĐL | BK18: =SUM(BK19:BK25) -> 1200 | BL18: =SUM(BL19:BL25) -> 500 | BM18: =SUM(BM19:BM25) -> 1100 | BN18: =SUM(BN19:BN25) -> 2800 | BO18: =SUM(BO19:BO25) -> 600 | BP18: =SUM(BP19:BP25) -> 600 | BQ18: =SUM(BQ19:BQ25) -> 600 | BR18: =SUM(BR19:BR25) -> 1800 | ... BZ18: =SUM(BZ19:BZ25) -> 1400 | CA18: =I18-V18-AH18-AT18-BF18 -> 0 | CB18: =IF(SUM(I18:L18)<>0,"X") -> X | CC18: =CC17 -> KT1. | CD18: =CC18&G18 -> KT1. | CE18: =LEFT(C18,2) -> ĐL | CF18: =CC18&CE18 -> KT1.ĐL
A19: =A18 -> #REF! | C19: Lò SSC+PRT chợ N-8-3 | D19: Thép | G19: 9.5 | H19: 0.7 | I19: =V19+AH19+AT19+BF19 -> 361 | J19: =W19+AI19+AU19+BG19 -> 70 | K19: =X19+AJ19+AV19+BH19 -> 291 | L19: =BN19+BR19+BV19+BZ19 -> 3300 | M19: 60 | N19: 10 | O19: =M19-N19 -> 50 | R19: =P19-Q19 -> 0 | S19: 60 | T19: 15 | U19: =S19-T19 -> 45 | V19: =W19+X19 -> 120 | W19: =N19+Q19+T19 -> 25 | X19: =O19+R19+U19 -> 95 | AA19: =Y19-Z19 -> 0 | AB19: 60 | AC19: 15 | AD19: =AB19-AC19 -> 45 | AG19: =AE19-AF19 -> 0 | AH19: =Y19+AB19+AE19 -> 60 | AI19: =Z19+AC19+AF19 -> 15 | AJ19: =AA19+AD19+AG19 -> 45 | AK19: 61 | AL19: 15 | AM19: =AK19-AL19 -> 46 | AP19: =AN19-AO19 -> 0 | AQ19: 60 | AR19: 5 | AS19: =AQ19-AR19 -> 55 | AT19: =AK19+AN19+AQ19 -> 121 | AU19: =AL19+AO19+AR19 -> 20 | AV19: =AM19+AP19+AS19 -> 101 | AW19: 60 | AX19: 10 | AY19: =AW19-AX19 -> 50 | BB19: =AZ19-BA19 -> 0 | BE19: =BC19-BD19 -> 0 | BF19: =AW19+AZ19+BC19 -> 60 | BG19: =AX19+BA19+BD19 -> 10 | BH19: =AY19+BB19+BE19 -> 50 | BJ19: =LEFT(C19,2) -> Lò | BK19: =ROUND(O19*G19*$C$3*$B$5,-2) -> 600 | BL19: =ROUND(R19*G19*$C$3*$B$5,-2) -> 0 | BM19: =ROUND(U19*G19*$C$3*$B$5,-2) -> 500 | BN19: =ROUND(X19*G19*$C$3*$B$5,-2) -> 1100 | BO19: =ROUND(AA19*G19*$C$3*$B$5,-2) -> 0 | BP19: =ROUND(AD19*G19*$C$3*$B$5,-2) -> 500 | BQ19: =ROUND(AG19*G19*$C$3*$B$5,-2) -> 0 | BR19: =ROUND(AJ19*G19*$B$5*$C$3,-2) -> 500 | BS19: =ROUND(AM19*G19*$C$3*$B$5,-2) -> 500 | BT19: =ROUND(AP19*G19*$C$3*$B$5,-2) -> 0 | BU19: =ROUND(AS19*G19*$C$3*$B$5,-2) -> 600 | BV19: =ROUND(AV19*G19*$C$3*$B$5,-2) -> 1100 | BW19: =ROUND(AY19*G19*$C$3*$B$5,-2) -> 600 | BX19: =ROUND(BB19*G19*$C$3*$B$5,-2) -> 0 | BY19: =ROUND(BE19*G19*$C$3*$B$5,-2) -> 0 | BZ19: =ROUND(BH19*G19*$C$3*$B$5,-2) -> 600 | CB19: =IF(SUM(I19:L19)<>0,"X") -> X | CC19: =CC18 -> KT1. | CD19: =CC19&G19 -> KT1.9,5 | CE19: =LEFT(C19,2) -> Lò | CF19: =CC19&CE19 -> KT1.Lò
A20: =A19 -> #REF! | C20: Lò BX+ DVVT chợ N-8-4A | D20: Thép | G20: 11.2 | H20: 0.7 | I20: =V20+AH20+AT20+BF20 -> 420 | J20: =W20+AI20+AU20+BG20 -> 111 | K20: =X20+AJ20+AV20+BH20 -> 309 | L20: =BN20+BR20+BV20+BZ20 -> 4200 | M20: 60 | N20: 15 | O20: =M20-N20 -> 45 | P20: 50 | Q20: 15 | R20: =P20-Q20 -> 35 | S20: 60 | T20: 15 | U20: =S20-T20 -> 45 | V20: =M20+P20+S20 -> 170 | W20: =N20+Q20+T20 -> 45 | X20: =O20+R20+U20 -> 125 | Y20: 65 | Z20: 18 | AA20: =Y20-Z20 -> 47 | AB20: 10 | AC20: 5 | AD20: =AB20-AC20 -> 5 | AE20: 60 | AF20: 18 | AG20: =AE20-AF20 -> 42 | AH20: =Y20+AB20+AE20 -> 135 | AI20: =Z20+AC20+AF20 -> 41 | AJ20: =AA20+AD20+AG20 -> 94 | AK20: 60 | AL20: 15 | AM20: =AK20-AL20 -> 45 | AN20: 55 | AO20: 10 | AP20: =AN20-AO20 -> 45 | AS20: =AQ20-AR20 -> 0 | AT20: =AK20+AN20+AQ20 -> 115 | AU20: =AL20+AO20+AR20 -> 25 | AV20: =AM20+AP20+AS20 -> 90 | AY20: =AW20-AX20 -> 0 | BB20: =AZ20-BA20 -> 0 | BE20: =BC20-BD20 -> 0 | BF20: =AW20+AZ20+BC20 -> 0 | BG20: =AX20+BA20+BD20 -> 0 | BH20: =AY20+BB20+BE20 -> 0 | BJ20: =LEFT(C20,2) -> Lò | BK20: =ROUND(O20*G20*$C$3*$B$5,-2) -> 600 | BL20: =ROUND(R20*G20*$C$3*$B$5,-2) -> 500 | BM20: =ROUND(U20*G20*$C$3*$B$5,-2) -> 600 | BN20: =ROUND(X20*G20*$C$3*$B$5,-2) -> 1700 | BO20: =ROUND(AA20*G20*$C$3*$B$5,-2) -> 600 | BP20: =ROUND(AD20*G20*$C$3*$B$5,-2) -> 100 | BQ20: =ROUND(AG20*G20*$C$3*$B$5,-2) -> 600 | BR20: =ROUND(AJ20*G20*$B$5*$C$3,-2) -> 1300 | BS20: =ROUND(AM20*G20*$C$3*$B$5,-2) -> 600 | BT20: =ROUND(AP20*G20*$C$3*$B$5,-2) -> 600 | BU20: =ROUND(AS20*G20*$C$3*$B$5,-2) -> 0 | BV20: =ROUND(AV20*G20*$C$3*$B$5,-2) -> 1200 | BW20: =ROUND(AY20*G20*$C$3*$B$5,-2) -> 0 | BX20: =ROUND(BB20*G20*$C$3*$B$5,-2) -> 0 | BY20: =ROUND(BE20*G20*$C$3*$B$5,-2) -> 0 | BZ20: =ROUND(BH20*G20*$C$3*$B$5,-2) -> 0 | CB20: =IF(SUM(I20:L20)<>0,"X") -> X | CC20: =CC19 -> KT1. | CD20: =CC20&G20 -> KT1.11,2 | CE20: =LEFT(C20,2) -> Lò | CF20: =CC20&CE20 -> KT1.Lò
A21: =A20 -> #REF! | C21: Lò thượng TG -130/-100/V8-KN | D21: Thép | G21: 11.2 | H21: 0.7 | I21: =V21+AH21+AT21+BF21 -> 15 | J21: =W21+AI21+AU21+BG21 -> 10 | K21: =X21+AJ21+AV21+BH21 -> 5 | L21: =BN21+BR21+BV21+BZ21 -> 100 | O21: =M21-N21 -> 0 | R21: =P21-Q21 -> 0 | U21: =S21-T21 -> 0 | V21: =M21+P21+S21 -> 0 | W21: =N21+Q21+T21 -> 0 | X21: =O21+R21+U21 -> 0 | AA21: =Y21-Z21 -> 0 | AD21: =AB21-AC21 -> 0 | AG21: =AE21-AF21 -> 0 | AH21: =Y21+AB21+AE21 -> 0 | AI21: =Z21+AC21+AF21 -> 0 | AJ21: =AA21+AD21+AG21 -> 0 | AM21: =AK21-AL21 -> 0 | AP21: =AN21-AO21 -> 0 | AS21: =AQ21-AR21 -> 0 | AT21: =AK21+AN21+AQ21 -> 0 | AU21: =AL21+AO21+AR21 -> 0 | AV21: =AM21+AP21+AS21 -> 0 | AY21: =AW21-AX21 -> 0 | BB21: =AZ21-BA21 -> 0 | BC21: 15 | BD21: 10 | BE21: =BC21-BD21 -> 5 | BF21: =AW21+AZ21+BC21 -> 15 | BG21: =AX21+BA21+BD21 -> 10 | BH21: =AY21+BB21+BE21 -> 5 | BJ21: =LEFT(C21,2) -> Lò | BK21: =ROUND(O21*G21*$C$3*$B$5,-2) -> 0 | BL21: =ROUND(R21*G21*$C$3*$B$5,-2) -> 0 | BM21: =ROUND(U21*G21*$C$3*$B$5,-2) -> 0 | BN21: =ROUND(X21*G21*$C$3*$B$5,-2) -> 0 | BO21: =ROUND(AA21*G21*$C$3*$B$5,-2) -> 0 | BP21: =ROUND(AD21*G21*$C$3*$B$5,-2) -> 0 | BQ21: =ROUND(AG21*G21*$C$3*$B$5,-2) -> 0 | BR21: =ROUND(AJ21*G21*$B$5*$C$3,-2) -> 0 | BS21: =ROUND(AM21*G21*$C$3*$B$5,-2) -> 0 | BT21: =ROUND(AP21*G21*$C$3*$B$5,-2) -> 0 | BU21: =ROUND(AS21*G21*$C$3*$B$5,-2) -> 0 | BV21: =ROUND(AV21*G21*$C$3*$B$5,-2) -> 0 | BW21: =ROUND(AY21*G21*$C$3*$B$5,-2) -> 0 | BX21: =ROUND(BB21*G21*$C$3*$B$5,-2) -> 0 | BY21: =ROUND(BE21*G21*$C$3*$B$5,-2) -> 100 | BZ21: =ROUND(BH21*G21*$C$3*$B$5,-2) -> 100 | CB21: =IF(SUM(I21:L21)<>0,"X") -> X | CC21: =CC20 -> KT1. | CD21: =CC21&G21 -> KT1.11,2 | CE21: =LEFT(C21,2) -> Lò | CF21: =CC21&CE21 -> KT1.Lò
A22: =A20 -> #REF! | C22: Lò nối+TVPH chợ TT-5-4A | D22: Gỗ | G22: 5.4 | H22: 0.7 | I22: =V22+AH22+AT22+BF22 -> 0 | J22: =W22+AI22+AU22+BG22 -> 0 | K22: =X22+AJ22+AV22+BH22 -> 0 | L22: =BN22+BR22+BV22+BZ22 -> 0 | O22: =M22-N22 -> 0 | R22: =P22-Q22 -> 0 | U22: =S22-T22 -> 0 | X22: =V22-W22 -> 0 | AA22: =Y22-Z22 -> 0 | AD22: =AB22-AC22 -> 0 | AG22: =AE22-AF22 -> 0 | AH22: =Y22+AB22+AE22 -> 0 | AI22: =Z22+AC22+AF22 -> 0 | AJ22: =AA22+AD22+AG22 -> 0 | AM22: =AK22-AL22 -> 0 | AP22: =AN22-AO22 -> 0 | AS22: =AQ22-AR22 -> 0 | AT22: =AK22+AN22+AQ22 -> 0 | AU22: =AL22+AO22+AR22 -> 0 | AV22: =AM22+AP22+AS22 -> 0 | AY22: =AW22-AX22 -> 0 | BB22: =AZ22-BA22 -> 0 | BE22: =BC22-BD22 -> 0 | BF22: =AW22+AZ22+BC22 -> 0 | BG22: =AX22+BA22+BD22 -> 0 | BH22: =AY22+BB22+BE22 -> 0 | BJ22: =LEFT(C22,2) -> Lò | BK22: =ROUND(O22*G22*$C$3*$B$5,-2) -> 0 | BL22: =ROUND(R22*G22*$C$3*$B$5,-2) -> 0 | BM22: =ROUND(U22*G22*$C$3*$B$5,-2) -> 0 | BN22: =ROUND(X22*G22*$C$3*$B$5,-2) -> 0 | BO22: =ROUND(AA22*G22*$C$3*$B$5,-2) -> 0 | BP22: =ROUND(AD22*G22*$C$3*$B$5,-2) -> 0 | BQ22: =ROUND(AG22*G22*$C$3*$B$5,-2) -> 0 | BR22: =ROUND(AJ22*G22*$B$5*$C$3,-2) -> 0 | BS22: =ROUND(AM22*G22*$C$3*$B$5,-2) -> 0 | BT22: =ROUND(AP22*G22*$C$3*$B$5,-2) -> 0 | BU22: =ROUND(AS22*G22*$C$3*$B$5,-2) -> 0 | BV22: =ROUND(AV22*G22*$C$3*$B$5,-2) -> 0 | BW22: =ROUND(AY22*G22*$C$3*$B$5,-2) -> 0 | BX22: =ROUND(BB22*G22*$C$3*$B$5,-2) -> 0 | BY22: =ROUND(BE22*G22*$C$3*$B$5,-2) -> 0 | BZ22: =ROUND(BH22*G22*$C$3*$B$5,-2) -> 0 | CB22: =IF(SUM(I22:L22)<>0,"X") -> FALSE | CC22: =CC21 -> KT1. | CD22: =CC22&G22 -> KT1.5,4 | CE22: =LEFT(C22,2) -> Lò | CF22: =CC22&CE22 -> KT1.Lò
A23: =A21 -> #REF! | C23: Lò nối+TVPH chợ TT-10-17.1 | D23: Gỗ | G23: 5.4 | H23: 0.7 | I23: =V23+AH23+AT23+BF23 -> 0 | J23: =W23+AI23+AU23+BG23 -> 0 | K23: =X23+AJ23+AV23+BH23 -> 0 | L23: =BN23+BR23+BV23+BZ23 -> 0 | O23: =M23-N23 -> 0 | R23: =P23-Q23 -> 0 | U23: =S23-T23 -> 0 | X23: =V23-W23 -> 0 | AA23: =Y23-Z23 -> 0 | AD23: =AB23-AC23 -> 0 | AG23: =AE23-AF23 -> 0 | AH23: =Y23+AB23+AE23 -> 0 | AI23: =Z23+AC23+AF23 -> 0 | AJ23: =AA23+AD23+AG23 -> 0 | AM23: =AK23-AL23 -> 0 | AP23: =AN23-AO23 -> 0 | AS23: =AQ23-AR23 -> 0 | AT23: =AK23+AN23+AQ23 -> 0 | AU23: =AL23+AO23+AR23 -> 0 | AV23: =AM23+AP23+AS23 -> 0 | AY23: =AW23-AX23 -> 0 | BB23: =AZ23-BA23 -> 0 | BE23: =BC23-BD23 -> 0 | BF23: =AW23+AZ23+BC23 -> 0 | BG23: =AX23+BA23+BD23 -> 0 | BH23: =AY23+BB23+BE23 -> 0 | BJ23: =LEFT(C23,2) -> Lò | BK23: =ROUND(O23*G23*$C$3*$B$5,-2) -> 0 | BL23: =ROUND(R23*G23*$C$3*$B$5,-2) -> 0 | BM23: =ROUND(U23*G23*$C$3*$B$5,-2) -> 0 | BN23: =ROUND(X23*G23*$C$3*$B$5,-2) -> 0 | BO23: =ROUND(AA23*G23*$C$3*$B$5,-2) -> 0 | BP23: =ROUND(AD23*G23*$C$3*$B$5,-2) -> 0 | BQ23: =ROUND(AG23*G23*$C$3*$B$5,-2) -> 0 | BR23: =ROUND(AJ23*G23*$B$5*$C$3,-2) -> 0 | BS23: =ROUND(AM23*G23*$C$3*$B$5,-2) -> 0 | BT23: =ROUND(AP23*G23*$C$3*$B$5,-2) -> 0 | BU23: =ROUND(AS23*G23*$C$3*$B$5,-2) -> 0 | BV23: =ROUND(AV23*G23*$C$3*$B$5,-2) -> 0 | BW23: =ROUND(AY23*G23*$C$3*$B$5,-2) -> 0 | BX23: =ROUND(BB23*G23*$C$3*$B$5,-2) -> 0 | BY23: =ROUND(BE23*G23*$C$3*$B$5,-2) -> 0 | BZ23: =ROUND(BH23*G23*$C$3*$B$5,-2) -> 0 | CB23: =IF(SUM(I23:L23)<>0,"X") -> FALSE | CC23: =CC22 -> KT1. | CD23: =CC23&G23 -> KT1.5,4 | CE23: =LEFT(C23,2) -> Lò | CF23: =CC23&CE23 -> KT1.Lò
A24: =A23 -> #REF! | C24: Lò TKĐ chợ N-8-4A | D24: Thép | G24: 8.5 | H24: 0.7 | I24: =V24+AH24+AT24+BF24 -> 35 | J24: =W24+AI24+AU24+BG24 -> 0 | K24: =X24+AJ24+AV24+BH24 -> 35 | L24: =BN24+BR24+BV24+BZ24 -> 400 | O24: =M24-N24 -> 0 | R24: =P24-Q24 -> 0 | U24: =S24-T24 -> 0 | X24: =V24-W24 -> 0 | AA24: =Y24-Z24 -> 0 | AD24: =AB24-AC24 -> 0 | AG24: =AE24-AF24 -> 0 | AH24: =Y24+AB24+AE24 -> 0 | AI24: =Z24+AC24+AF24 -> 0 | AJ24: =AA24+AD24+AG24 -> 0 | AM24: =AK24-AL24 -> 0 | AP24: =AN24-AO24 -> 0 | AQ24: 35 | AS24: =AQ24-AR24 -> 35 | AT24: =AK24+AN24+AQ24 -> 35 | AU24: =AL24+AO24+AR24 -> 0 | AV24: =AM24+AP24+AS24 -> 35 | AY24: =AW24-AX24 -> 0 | BB24: =AZ24-BA24 -> 0 | BE24: =BC24-BD24 -> 0 | BF24: =AW24+AZ24+BC24 -> 0 | BG24: =AX24+BA24+BD24 -> 0 | BH24: =AY24+BB24+BE24 -> 0 | BJ24: =LEFT(C24,2) -> Lò | BK24: =ROUND(O24*G24*$C$3*$B$5,-2) -> 0 | BL24: =ROUND(R24*G24*$C$3*$B$5,-2) -> 0 | BM24: =ROUND(U24*G24*$C$3*$B$5,-2) -> 0 | BN24: =ROUND(X24*G24*$C$3*$B$5,-2) -> 0 | BO24: =ROUND(AA24*G24*$C$3*$B$5,-2) -> 0 | BP24: =ROUND(AD24*G24*$C$3*$B$5,-2) -> 0 | BQ24: =ROUND(AG24*G24*$C$3*$B$5,-2) -> 0 | BR24: =ROUND(AJ24*G24*$B$5*$C$3,-2) -> 0 | BS24: =ROUND(AM24*G24*$C$3*$B$5,-2) -> 0 | BT24: =ROUND(AP24*G24*$C$3*$B$5,-2) -> 0 | BU24: =ROUND(AS24*G24*$C$3*$B$5,-2) -> 400 | BV24: =ROUND(AV24*G24*$C$3*$B$5,-2) -> 400 | BW24: =ROUND(AY24*G24*$C$3*$B$5,-2) -> 0 | BX24: =ROUND(BB24*G24*$C$3*$B$5,-2) -> 0 | BY24: =ROUND(BE24*G24*$C$3*$B$5,-2) -> 0 | BZ24: =ROUND(BH24*G24*$C$3*$B$5,-2) -> 0 | CB24: =IF(SUM(I24:L24)<>0,"X") -> X | CC24: =CC23 -> KT1. | CD24: =CC24&G24 -> KT1.8,5 | CE24: =LEFT(C24,2) -> Lò | CF24: =CC24&CE24 -> KT1.Lò
A25: =A20 -> #REF! | C25: Lò cúp chứa nước lò chợ N-8-4A/V8-KN | D25: Thép | G25: 11.2 | H25: 0.7 | I25: =V25+AH25+AT25+BF25 -> 65 | J25: =W25+AI25+AU25+BG25 -> 10 | K25: =X25+AJ25+AV25+BH25 -> 55 | L25: =BN25+BR25+BV25+BZ25 -> 700 | O25: =M25-N25 -> 0 | R25: =P25-Q25 -> 0 | U25: =S25-T25 -> 0 | X25: =V25-W25 -> 0 | AA25: =Y25-Z25 -> 0 | AD25: =AB25-AC25 -> 0 | AG25: =AE25-AF25 -> 0 | AH25: =Y25+AB25+AE25 -> 0 | AI25: =Z25+AC25+AF25 -> 0 | AJ25: =AA25+AD25+AG25 -> 0 | AM25: =AK25-AL25 -> 0 | AP25: =AN25-AO25 -> 0 | AS25: =AQ25-AR25 -> 0 | AT25: =AK25+AN25+AQ25 -> 0 | AU25: =AL25+AO25+AR25 -> 0 | AV25: =AM25+AP25+AS25 -> 0 | AY25: =AW25-AX25 -> 0 | AZ25: 50 | BA25: 10 | BB25: =AZ25-BA25 -> 40 | BC25: 15 | BE25: =BC25-BD25 -> 15 | BF25: =AW25+AZ25+BC25 -> 65 | BG25: =AX25+BA25+BD25 -> 10 | BH25: =AY25+BB25+BE25 -> 55 | BJ25: =LEFT(C25,2) -> Lò | BK25: =ROUND(O25*G25*$C$3*$B$5,-2) -> 0 | BL25: =ROUND(R25*G25*$C$3*$B$5,-2) -> 0 | BM25: =ROUND(U25*G25*$C$3*$B$5,-2) -> 0 | BN25: =ROUND(X25*G25*$C$3*$B$5,-2) -> 0 | BO25: =ROUND(AA25*G25*$C$3*$B$5,-2) -> 0 | BP25: =ROUND(AD25*G25*$C$3*$B$5,-2) -> 0 | BQ25: =ROUND(AG25*G25*$C$3*$B$5,-2) -> 0 | BR25: =ROUND(AJ25*G25*$B$5*$C$3,-2) -> 0 | BS25: =ROUND(AM25*G25*$C$3*$B$5,-2) -> 0 | BT25: =ROUND(AP25*G25*$C$3*$B$5,-2) -> 0 | BU25: =ROUND(AS25*G25*$C$3*$B$5,-2) -> 0 | BV25: =ROUND(AV25*G25*$C$3*$B$5,-2) -> 0 | BW25: =ROUND(AY25*G25*$C$3*$B$5,-2) -> 0 | BX25: =ROUND(BB25*G25*$C$3*$B$5,-2) -> 500 | BY25: =ROUND(BE25*G25*$C$3*$B$5,-2) -> 200 | BZ25: =ROUND(BH25*G25*$C$3*$B$5,-2) -> 700 | CB25: =IF(SUM(I25:L25)<>0,"X") -> X | CC25: =CC22 -> KT1. | CD25: =CC25&G25 -> KT1.11,2 | CE25: =LEFT(C25,2) -> Lò | CF25: =CC25&CE25 -> KT1.Lò
A26: =A25 -> #REF! | B26: b | C26: XL CBSX (Xén lò) | I26: =SUM(I27:I29) -> 105 | J26: =SUM(J27:J29) -> 45 | K26: =SUM(K27:K29) -> 60 | L26: =SUM(L27:L29) -> 200 | M26: =SUM(M27:M29) -> 40 | N26: =SUM(N27:N29) -> 10 | O26: =SUM(O27:O29) -> 30 | P26: =SUM(P27:P29) -> 0 | ... BH26: =SUM(BH27:BH29) -> 30 | BJ26: =LEFT(C26,2) -> XL | BK26: =SUM(BK27:BK29) -> 100 | BL26: =SUM(BL27:BL29) -> 0 | BM26: =SUM(BM27:BM29) -> 0 | BN26: =SUM(BN27:BN29) -> 100 | BO26: =SUM(BO27:BO29) -> 0 | BP26: =SUM(BP27:BP29) -> 0 | BQ26: =SUM(BQ27:BQ29) -> 0 | BR26: =SUM(BR27:BR29) -> 0 | ... BZ26: =SUM(BZ27:BZ29) -> 100 | CB26: =IF(SUM(I26:L26)<>0,"X") -> X | CC26: =CC25 -> KT1. | CD26: =CC26&G26 -> KT1. | CE26: =LEFT(C26,2) -> XL | CF26: =CC26&CE26 -> KT1.XL
A27: =A26 -> #REF! | C27: Xén lò DV mức -100V8 KN | D27: Thép | G27: 11.2 | H27: 0.7 | I27: =V27+AH27+AT27+BF27 -> 105 | J27: =W27+AI27+AU27+BG27 -> 45 | K27: =X27+AJ27+AV27+BH27 -> 60 | L27: =BN27+BR27+BV27+BZ27 -> 200 | M27: 40 | N27: 10 | O27: =M27-N27 -> 30 | R27: =P27-Q27 -> 0 | U27: =S27-T27 -> 0 | V27: =M27+P27+S27 -> 40 | W27: =N27+Q27+T27 -> 10 | X27: =O27+R27+U27 -> 30 | AA27: =Y27-Z27 -> 0 | AD27: =AB27-AC27 -> 0 | AG27: =AE27-AF27 -> 0 | AH27: =Y27+AB27+AE27 -> 0 | AI27: =Z27+AC27+AF27 -> 0 | AJ27: =AA27+AD27+AG27 -> 0 | AM27: =AK27-AL27 -> 0 | AP27: =AN27-AO27 -> 0 | AS27: =AQ27-AR27 -> 0 | AT27: =AK27+AN27+AQ27 -> 0 | AU27: =AL27+AO27+AR27 -> 0 | AV27: =AM27+AP27+AS27 -> 0 | AW27: 45 | AX27: 15 | AY27: =AW27-AX27 -> 30 | BB27: =AZ27-BA27 -> 0 | BC27: 20 | BD27: 20 | BE27: =BC27-BD27 -> 0 | BF27: =AW27+AZ27+BC27 -> 65 | BG27: =AX27+BA27+BD27 -> 35 | BH27: =AY27+BB27+BE27 -> 30 | BJ27: =LEFT(C27,2) -> Xé | BK27: =ROUND(O27*G27*$B$6,-2) -> 100 | BL27: =ROUND(R27*G27*$B$6,-2) -> 0 | BM27: =ROUND(U27*G27*$B$6,-2) -> 0 | BN27: =ROUND(X27*G27*$B$6,-2) -> 100 | BO27: =ROUND(AA27*G27*$B$6,-2) -> 0 | BP27: =ROUND(AD27*G27*$B$6,-2) -> 0 | BQ27: =ROUND(AG27*G27*$B$6,-2) -> 0 | BR27: =ROUND(AJ27*G27*$B$6,-2) -> 0 | BS27: =ROUND(AM27*G27*$B$6,-2) -> 0 | BT27: =ROUND(AP27*G27*$B$6,-2) -> 0 | BU27: =ROUND(AS27*G27*$B$6,-2) -> 0 | BV27: =ROUND(AV27*G27*$B$6,-2) -> 0 | BW27: =ROUND(AY27*G27*$B$6,-2) -> 100 | BX27: =ROUND(BB27*G27*$B$6,-2) -> 0 | BY27: =ROUND(BE27*G27*$B$6,-2) -> 0 | BZ27: =ROUND(BH27*G27*$B$6,-2) -> 100 | CB27: =IF(SUM(I27:L27)<>0,"X") -> X | CC27: =CC26 -> KT1. | CD27: =CC27&G27 -> KT1.11,2 | CE27: =LEFT(C27,2) -> Xé | CF27: =CC27&CE27 -> KT1.Xé
A28: =A26 -> #REF! | C28: Xén lò thượng TG -100/+38V5KTT | D28: Thép | G28: 11.2 | H28: 0.7 | I28: =V28+AH28+AT28+BF28 -> 0 | J28: =W28+AI28+AU28+BG28 -> 0 | K28: =X28+AJ28+AV28+BH28 -> 0 | L28: =BN28+BR28+BV28+BZ28 -> 0 | O28: =M28-N28 -> 0 | R28: =P28-Q28 -> 0 | U28: =S28-T28 -> 0 | V28: =M28+P28+S28 -> 0 | W28: =N28+Q28+T28 -> 0 | X28: =O28+R28+U28 -> 0 | AA28: =Y28-Z28 -> 0 | AD28: =AB28-AC28 -> 0 | AG28: =AE28-AF28 -> 0 | AH28: =Y28+AB28+AE28 -> 0 | AI28: =Z28+AC28+AF28 -> 0 | AJ28: =AA28+AD28+AG28 -> 0 | AM28: =AK28-AL28 -> 0 | AP28: =AN28-AO28 -> 0 | AS28: =AQ28-AR28 -> 0 | AT28: =AK28+AN28+AQ28 -> 0 | AU28: =AL28+AO28+AR28 -> 0 | AV28: =AM28+AP28+AS28 -> 0 | AY28: =AW28-AX28 -> 0 | BB28: =AZ28-BA28 -> 0 | BE28: =BC28-BD28 -> 0 | BF28: =AW28+AZ28+BC28 -> 0 | BG28: =AX28+BA28+BD28 -> 0 | BH28: =AY28+BB28+BE28 -> 0 | BJ28: =LEFT(C28,2) -> Xé | BK28: =ROUND(O28*G28*$B$6,-2) -> 0 | BL28: =ROUND(R28*G28*$B$6,-2) -> 0 | BM28: =ROUND(U28*G28*$B$6,-2) -> 0 | BN28: =ROUND(X28*G28*$B$6,-2) -> 0 | BO28: =ROUND(AA28*G28*$B$6,-2) -> 0 | BP28: =ROUND(AD28*G28*$B$6,-2) -> 0 | BQ28: =ROUND(AG28*G28*$B$6,-2) -> 0 | BR28: =ROUND(AJ28*G28*$B$6,-2) -> 0 | BS28: =ROUND(AM28*G28*$B$6,-2) -> 0 | BT28: =ROUND(AP28*G28*$B$6,-2) -> 0 | BU28: =ROUND(AS28*G28*$B$6,-2) -> 0 | BV28: =ROUND(AV28*G28*$B$6,-2) -> 0 | BW28: =ROUND(AY28*G28*$B$6,-2) -> 0 | BX28: =ROUND(BB28*G28*$B$6,-2) -> 0 | BY28: =ROUND(BE28*G28*$B$6,-2) -> 0 | BZ28: =ROUND(BH28*G28*$B$6,-2) -> 0 | CB28: =IF(SUM(I28:L28)<>0,"X") -> FALSE | CC28: =CC27 -> KT1. | CD28: =CC28&G28 -> KT1.11,2 | CE28: =LEFT(C28,2) -> Xé | CF28: =CC28&CE28 -> KT1.Xé
A29: =A27 -> #REF! | C29: Xén | D29: Thép | G29: 13.1 | H29: 0.7 | I29: =V29+AH29+AT29+BF29 -> 0 | J29: =W29+AI29+AU29+BG29 -> 0 | K29: =X29+AJ29+AV29+BH29 -> 0 | L29: =BN29+BR29+BV29+BZ29 -> 0 | O29: =M29-N29 -> 0 | R29: =P29-Q29 -> 0 | U29: =S29-T29 -> 0 | V29: =M29+P29+S29 -> 0 | W29: =N29+Q29+T29 -> 0 | X29: =O29+R29+U29 -> 0 | AA29: =Y29-Z29 -> 0 | AD29: =AB29-AC29 -> 0 | AG29: =AE29-AF29 -> 0 | AH29: =Y29+AB29+AE29 -> 0 | AI29: =Z29+AC29+AF29 -> 0 | AJ29: =AA29+AD29+AG29 -> 0 | AM29: =AK29-AL29 -> 0 | AP29: =AN29-AO29 -> 0 | AS29: =AQ29-AR29 -> 0 | AT29: =AK29+AN29+AQ29 -> 0 | AU29: =AL29+AO29+AR29 -> 0 | AV29: =AM29+AP29+AS29 -> 0 | AY29: =AW29-AX29 -> 0 | BB29: =AZ29-BA29 -> 0 | BE29: =BC29-BD29 -> 0 | BF29: =AW29+AZ29+BC29 -> 0 | BG29: =AX29+BA29+BD29 -> 0 | BH29: =AY29+BB29+BE29 -> 0 | BJ29: =LEFT(C29,2) -> Xé | BK29: =ROUND(O29*G29*$B$6,-2) -> 0 | BL29: =ROUND(R29*G29*$B$6,-2) -> 0 | BM29: =ROUND(U29*G29*$B$6,-2) -> 0 | BN29: =ROUND(X29*G29*$B$6,-2) -> 0 | BO29: =ROUND(AA29*G29*$B$6,-2) -> 0 | BP29: =ROUND(AD29*G29*$B$6,-2) -> 0 | BQ29: =ROUND(AG29*G29*$B$6,-2) -> 0 | BR29: =ROUND(AJ29*G29*$B$6,-2) -> 0 | BS29: =ROUND(AM29*G29*$B$6,-2) -> 0 | BT29: =ROUND(AP29*G29*$B$6,-2) -> 0 | BU29: =ROUND(AS29*G29*$B$6,-2) -> 0 | BV29: =ROUND(AV29*G29*$B$6,-2) -> 0 | BW29: =ROUND(AY29*G29*$B$6,-2) -> 0 | BX29: =ROUND(BB29*G29*$B$6,-2) -> 0 | BY29: =ROUND(BE29*G29*$B$6,-2) -> 0 | BZ29: =ROUND(BH29*G29*$B$6,-2) -> 0 | CB29: =IF(SUM(I29:L29)<>0,"X") -> FALSE | CC29: =CC28 -> KT1. | CD29: =CC29&G29 -> KT1.13,1 | CE29: =LEFT(C29,2) -> Xé | CF29: =CC29&CE29 -> KT1.Xé
A30: =#REF! -> #REF! | B30: 2 | C30: PX KT2 | I30: =SUM(I31:I43)/2 -> 550 | J30: =SUM(J31:J43)/2 -> 175 | K30: =SUM(K31:K43)/2 -> 375 | L30: =SUM(L31:L43)/2 -> 2800 | M30: =SUM(M31:M43)/2 -> 123 | N30: =SUM(N31:N43)/2 -> 30 | O30: =SUM(O31:O43)/2 -> 93 | P30: =SUM(P31:P43)/2 -> 42 | ... X30: =SUM(X31:X43)/2 -> 175 | Y30: =SUM(Y31:Y40)/2 -> 112.5 | Z30: =SUM(Z31:Z40)/2 -> 7.5 | AA30: =SUM(AA31:AA40)/2 -> 105 | AB30: =SUM(AB31:AB40)/2 -> 12.5 | AC30: =SUM(AC31:AC40)/2 -> 7.5 | AD30: =SUM(AD31:AD40)/2 -> 5 | AE30: =SUM(AE31:AE40)/2 -> 20 | AF30: =SUM(AF31:AF40)/2 -> 7.5 | ... BH30: =SUM(BH31:BH40)/2 -> 7.5 | BJ30: =LEFT(C30,2) -> PX | BK30: =SUM(BK31:BK43)/2 -> 1000 | BL30: =SUM(BL31:BL43)/2 -> 400 | BM30: =SUM(BM31:BM43)/2 -> 600 | BN30: =SUM(BN31:BN43)/2 -> 2000 | BO30: =SUM(BO31:BO43)/2 -> 600 | BP30: =SUM(BP31:BP43)/2 -> 0 | BQ30: =SUM(BQ31:BQ43)/2 -> 100 | BR30: =SUM(BR31:BR43)/2 -> 700 | ... BZ30: =SUM(BZ31:BZ43)/2 -> 0 | CB30: =IF(SUM(I30:L30)<>0,"X") -> X | CC30: KT2. | CD30: =CC30&G30 -> KT2. | CE30: =LEFT(C30,2) -> PX | CF30: =CC30&CE30 -> KT2.PX
A31: =#REF! -> #REF! | B31: a | C31: ĐL CBSX | I31: =SUM(I32:I38) -> 267 | J31: =SUM(J32:J38) -> 20 | K31: =SUM(K32:K38) -> 247 | L31: =SUM(L32:L38) -> 2500 | M31: =SUM(M32:M38) -> 80 | N31: =SUM(N32:N38) -> 15 | O31: =SUM(O32:O38) -> 65 | P31: =SUM(P32:P38) -> 42 | ... BH31: =SUM(BH32:BH38) -> 0 | BJ31: =LEFT(C31,2) -> ĐL | BK31: =SUM(BK32:BK38) -> 900 | BL31: =SUM(BL32:BL38) -> 400 | BM31: =SUM(BM32:BM38) -> 600 | BN31: =SUM(BN32:BN38) -> 1900 | BO31: =SUM(BO32:BO38) -> 600 | BP31: =SUM(BP32:BP38) -> 0 | BQ31: =SUM(BQ32:BQ38) -> 0 | BR31: =SUM(BR32:BR38) -> 600 | ... BZ31: =SUM(BZ32:BZ38) -> 0 | CA31: =I31-V31-AH31-AT31-BF31 -> 0 | CB31: =IF(SUM(I31:L31)<>0,"X") -> X | CC31: =CC30 -> KT2. | CD31: =CC31&G31 -> KT2. | CE31: =LEFT(C31,2) -> ĐL | CF31: =CC31&CE31 -> KT2.ĐL
A32: =A31 -> #REF! | C32: Lò Thông gió chợ N-6-5 | D32: Thép | G32: 11.2 | H32: 0.7 | I32: =V32+AH32+AT32+BF32 -> 50 | J32: =W32+AI32+AU32+BG32 -> 15 | K32: =X32+AJ32+AV32+BH32 -> 35 | L32: =BN32+BR32+BV32+BZ32 -> 500 | M32: 50 | N32: 15 | O32: =M32-N32 -> 35 | R32: =P32-Q32 -> 0 | U32: =S32-T32 -> 0 | V32: =M32+P32+S32 -> 50 | W32: =N32+Q32+T32 -> 15 | X32: =O32+R32+U32 -> 35 | AA32: =Y32-Z32 -> 0 | AD32: =AB32-AC32 -> 0 | AG32: =AE32-AF32 -> 0 | AH32: =Y32+AB32+AE32 -> 0 | AI32: =Z32+AC32+AF32 -> 0 | AJ32: =AA32+AD32+AG32 -> 0 | AM32: =AK32-AL32 -> 0 | AP32: =AN32-AO32 -> 0 | AS32: =AQ32-AR32 -> 0 | AT32: =AK32+AN32+AQ32 -> 0 | AU32: =AL32+AO32+AR32 -> 0 | AV32: =AM32+AP32+AS32 -> 0 | AY32: =AW32-AX32 -> 0 | BB32: =AZ32-BA32 -> 0 | BE32: =BC32-BD32 -> 0 | BF32: =AW32+AZ32+BC32 -> 0 | BG32: =AX32+BA32+BD32 -> 0 | BH32: =AY32+BB32+BE32 -> 0 | BJ32: =LEFT(C32,2) -> Lò | BK32: =ROUND(O32*G32*$C$3*$B$5,-2) -> 500 | BL32: =ROUND(R32*G32*$C$3*$B$5,-2) -> 0 | BM32: =ROUND(U32*G32*$C$3*$B$5,-2) -> 0 | BN32: =ROUND(X32*G32*$C$3*$B$5,-2) -> 500 | BO32: =ROUND(AA32*G32*$C$3*$B$5,-2) -> 0 | BP32: =ROUND(AD32*G32*$C$3*$B$5,-2) -> 0 | BQ32: =ROUND(AG32*G32*$C$3*$B$5,-2) -> 0 | BR32: =ROUND(AJ32*G32*$B$5*$C$3,-2) -> 0 | BS32: =ROUND(AM32*G32*$C$3*$B$5,-2) -> 0 | BT32: =ROUND(AP32*G32*$C$3*$B$5,-2) -> 0 | BU32: =ROUND(AS32*G32*$C$3*$B$5,-2) -> 0 | BV32: =ROUND(AV32*G32*$C$3*$B$5,-2) -> 0 | BW32: =ROUND(AY32*G32*$C$3*$B$5,-2) -> 0 | BX32: =ROUND(BB32*G32*$C$3*$B$5,-2) -> 0 | BY32: =ROUND(BE32*G32*$C$3*$B$5,-2) -> 0 | BZ32: =ROUND(BH32*G32*$C$3*$B$5,-2) -> 0 | CB32: =IF(SUM(I32:L32)<>0,"X") -> X | CC32: =CC31 -> KT2. | CD32: =CC32&G32 -> KT2.11,2 | CE32: =LEFT(C32,2) -> Lò | CF32: =CC32&CE32 -> KT2.Lò
A33: =A32 -> #REF! | C33: Lò TKĐ chợ N-6-5 | D33: Thép | G33: 8.5 | H33: 0.7 | I33: =V33+AH33+AT33+BF33 -> 22 | J33: =W33+AI33+AU33+BG33 -> 0 | K33: =X33+AJ33+AV33+BH33 -> 22 | L33: =BN33+BR33+BV33+BZ33 -> 200 | O33: =M33-N33 -> 0 | P33: 22 | Q33: 0 | R33: =P33-Q33 -> 22 | U33: =S33-T33 -> 0 | V33: =M33+P33+S33 -> 22 | W33: =N33+Q33+T33 -> 0 | X33: =O33+R33+U33 -> 22 | AA33: =Y33-Z33 -> 0 | AD33: =AB33-AC33 -> 0 | AG33: =AE33-AF33 -> 0 | AH33: =Y33+AB33+AE33 -> 0 | AI33: =Z33+AC33+AF33 -> 0 | AJ33: =AA33+AD33+AG33 -> 0 | AM33: =AK33-AL33 -> 0 | AP33: =AN33-AO33 -> 0 | AS33: =AQ33-AR33 -> 0 | AT33: =AK33+AN33+AQ33 -> 0 | AU33: =AL33+AO33+AR33 -> 0 | AV33: =AM33+AP33+AS33 -> 0 | AY33: =AW33-AX33 -> 0 | BB33: =AZ33-BA33 -> 0 | BE33: =BC33-BD33 -> 0 | BF33: =AW33+AZ33+BC33 -> 0 | BG33: =AX33+BA33+BD33 -> 0 | BH33: =AY33+BB33+BE33 -> 0 | BJ33: =LEFT(C33,2) -> Lò | BK33: =ROUND(O33*G33*$C$3*$B$5,-2) -> 0 | BL33: =ROUND(R33*G33*$C$3*$B$5,-2) -> 200 | BM33: =ROUND(U33*G33*$C$3*$B$5,-2) -> 0 | BN33: =ROUND(X33*G33*$C$3*$B$5,-2) -> 200 | BO33: =ROUND(AA33*G33*$C$3*$B$5,-2) -> 0 | BP33: =ROUND(AD33*G33*$C$3*$B$5,-2) -> 0 | BQ33: =ROUND(AG33*G33*$C$3*$B$5,-2) -> 0 | BR33: =ROUND(AJ33*G33*$B$5*$C$3,-2) -> 0 | BS33: =ROUND(AM33*G33*$C$3*$B$5,-2) -> 0 | BT33: =ROUND(AP33*G33*$C$3*$B$5,-2) -> 0 | BU33: =ROUND(AS33*G33*$C$3*$B$5,-2) -> 0 | BV33: =ROUND(AV33*G33*$C$3*$B$5,-2) -> 0 | BW33: =ROUND(AY33*G33*$C$3*$B$5,-2) -> 0 | BX33: =ROUND(BB33*G33*$C$3*$B$5,-2) -> 0 | BY33: =ROUND(BE33*G33*$C$3*$B$5,-2) -> 0 | BZ33: =ROUND(BH33*G33*$C$3*$B$5,-2) -> 0 | CB33: =IF(SUM(I33:L33)<>0,"X") -> X | CC33: =CC32 -> KT2. | CD33: =CC33&G33 -> KT2.8,5 | CE33: =LEFT(C33,2) -> Lò | CF33: =CC33&CE33 -> KT2.Lò
A34: =A31 -> #REF! | C34: BS lò bên Vỉa 6 A | D34: Thép | G34: 11.2 | H34: 0.7 | I34: =V34+AH34+AT34+BF34 -> 0 | J34: =W34+AI34+AU34+BG34 -> 0 | K34: =X34+AJ34+AV34+BH34 -> 0 | L34: =BN34+BR34+BV34+BZ34 -> 0 | O34: =M34-N34 -> 0 | R34: =P34-Q34 -> 0 | U34: =S34-T34 -> 0 | V34: =M34+P34+S34 -> 0 | W34: =N34+Q34+T34 -> 0 | X34: =O34+R34+U34 -> 0 | AA34: =Y34-Z34 -> 0 | AD34: =AB34-AC34 -> 0 | AG34: =AE34-AF34 -> 0 | AH34: =Y34+AB34+AE34 -> 0 | AI34: =Z34+AC34+AF34 -> 0 | AJ34: =AA34+AD34+AG34 -> 0 | AM34: =AK34-AL34 -> 0 | AP34: =AN34-AO34 -> 0 | AS34: =AQ34-AR34 -> 0 | AT34: =AK34+AN34+AQ34 -> 0 | AU34: =AL34+AO34+AR34 -> 0 | AV34: =AM34+AP34+AS34 -> 0 | AY34: =AW34-AX34 -> 0 | BB34: =AZ34-BA34 -> 0 | BE34: =BC34-BD34 -> 0 | BF34: =AW34+AZ34+BC34 -> 0 | BG34: =AX34+BA34+BD34 -> 0 | BH34: =AY34+BB34+BE34 -> 0 | BJ34: =LEFT(C34,2) -> BS | BK34: =ROUND(O34*G34*$C$3*$B$5,-2) -> 0 | BL34: =ROUND(R34*G34*$C$3*$B$5,-2) -> 0 | BM34: =ROUND(U34*G34*$C$3*$B$5,-2) -> 0 | BN34: =ROUND(X34*G34*$C$3*$B$5,-2) -> 0 | BO34: =ROUND(AA34*G34*$C$3*$B$5,-2) -> 0 | BP34: =ROUND(AD34*G34*$C$3*$B$5,-2) -> 0 | BQ34: =ROUND(AG34*G34*$C$3*$B$5,-2) -> 0 | BR34: =ROUND(AJ34*G34*$B$5*$C$3,-2) -> 0 | BS34: =ROUND(AM34*G34*$C$3*$B$5,-2) -> 0 | BT34: =ROUND(AP34*G34*$C$3*$B$5,-2) -> 0 | BU34: =ROUND(AS34*G34*$C$3*$B$5,-2) -> 0 | BV34: =ROUND(AV34*G34*$C$3*$B$5,-2) -> 0 | BW34: =ROUND(AY34*G34*$C$3*$B$5,-2) -> 0 | BX34: =ROUND(BB34*G34*$C$3*$B$5,-2) -> 0 | BY34: =ROUND(BE34*G34*$C$3*$B$5,-2) -> 0 | BZ34: =ROUND(BH34*G34*$C$3*$B$5,-2) -> 0 | CB34: =IF(SUM(I34:L34)<>0,"X") -> FALSE | CC34: =CC31 -> KT2. | CD34: =CC34&G34 -> KT2.11,2 | CE34: =LEFT(C34,2) -> BS | CF34: =CC34&CE34 -> KT2.BS
A35: =A32 -> #REF! | C35: Lò nối+TVPH chợ N-6-5 | D35: Gỗ | G35: 5.4 | H35: 0.7 | I35: =V35+AH35+AT35+BF35 -> 100 | J35: =W35+AI35+AU35+BG35 -> 0 | K35: =X35+AJ35+AV35+BH35 -> 100 | L35: =BN35+BR35+BV35+BZ35 -> 600 | O35: =M35-N35 -> 0 | R35: =P35-Q35 -> 0 | U35: =S35-T35 -> 0 | V35: =M35+P35+S35 -> 0 | W35: =N35+Q35+T35 -> 0 | X35: =O35+R35+U35 -> 0 | Y35: 100 | AA35: =Y35-Z35 -> 100 | AD35: =AB35-AC35 -> 0 | AG35: =AE35-AF35 -> 0 | AH35: =Y35+AB35+AE35 -> 100 | AI35: =Z35+AC35+AF35 -> 0 | AJ35: =AA35+AD35+AG35 -> 100 | AM35: =AK35-AL35 -> 0 | AP35: =AN35-AO35 -> 0 | AS35: =AQ35-AR35 -> 0 | AT35: =AK35+AN35+AQ35 -> 0 | AU35: =AL35+AO35+AR35 -> 0 | AV35: =AM35+AP35+AS35 -> 0 | AY35: =AW35-AX35 -> 0 | BB35: =AZ35-BA35 -> 0 | BE35: =BC35-BD35 -> 0 | BF35: =AW35+AZ35+BC35 -> 0 | BG35: =AX35+BA35+BD35 -> 0 | BH35: =AY35+BB35+BE35 -> 0 | BJ35: =LEFT(C35,2) -> Lò | BK35: =ROUND(O35*G35*$C$3*$B$5,-2) -> 0 | BL35: =ROUND(R35*G35*$C$3*$B$5,-2) -> 0 | BM35: =ROUND(U35*G35*$C$3*$B$5,-2) -> 0 | BN35: =ROUND(X35*G35*$C$3*$B$5,-2) -> 0 | BO35: =ROUND(AA35*G35*$C$3*$B$5,-2) -> 600 | BP35: =ROUND(AD35*G35*$C$3*$B$5,-2) -> 0 | BQ35: =ROUND(AG35*G35*$C$3*$B$5,-2) -> 0 | BR35: =ROUND(AJ35*G35*$B$5*$C$3,-2) -> 600 | BS35: =ROUND(AM35*G35*$C$3*$B$5,-2) -> 0 | BT35: =ROUND(AP35*G35*$C$3*$B$5,-2) -> 0 | BU35: =ROUND(AS35*G35*$C$3*$B$5,-2) -> 0 | BV35: =ROUND(AV35*G35*$C$3*$B$5,-2) -> 0 | BW35: =ROUND(AY35*G35*$C$3*$B$5,-2) -> 0 | BX35: =ROUND(BB35*G35*$C$3*$B$5,-2) -> 0 | BY35: =ROUND(BE35*G35*$C$3*$B$5,-2) -> 0 | BZ35: =ROUND(BH35*G35*$C$3*$B$5,-2) -> 0 | CB35: =IF(SUM(I35:L35)<>0,"X") -> X | CC35: =CC32 -> KT2. | CD35: =CC35&G35 -> KT2.5,4 | CE35: =LEFT(C35,2) -> Lò | CF35: =CC35&CE35 -> KT2.Lò
A36: =A32 -> #REF! | C36: Lò trung gian chợ N-6-5 | D36: Thép | G36: 11.2 | H36: 0.7 | I36: =V36+AH36+AT36+BF36 -> 20 | J36: =W36+AI36+AU36+BG36 -> 5 | K36: =X36+AJ36+AV36+BH36 -> 15 | L36: =BN36+BR36+BV36+BZ36 -> 200 | O36: =M36-N36 -> 0 | P36: 20 | Q36: 5 | R36: =P36-Q36 -> 15 | U36: =S36-T36 -> 0 | V36: =M36+P36+S36 -> 20 | W36: =N36+Q36+T36 -> 5 | X36: =O36+R36+U36 -> 15 | AA36: =Y36-Z36 -> 0 | AD36: =AB36-AC36 -> 0 | AG36: =AE36-AF36 -> 0 | AH36: =Y36+AB36+AE36 -> 0 | AI36: =Z36+AC36+AF36 -> 0 | AJ36: =AA36+AD36+AG36 -> 0 | AM36: =AK36-AL36 -> 0 | AP36: =AN36-AO36 -> 0 | AS36: =AQ36-AR36 -> 0 | AT36: =AK36+AN36+AQ36 -> 0 | AU36: =AL36+AO36+AR36 -> 0 | AV36: =AM36+AP36+AS36 -> 0 | AY36: =AW36-AX36 -> 0 | BB36: =AZ36-BA36 -> 0 | BE36: =BC36-BD36 -> 0 | BF36: =AW36+AZ36+BC36 -> 0 | BG36: =AX36+BA36+BD36 -> 0 | BH36: =AY36+BB36+BE36 -> 0 | BJ36: =LEFT(C36,2) -> Lò | BK36: =ROUND(O36*G36*$C$3*$B$5,-2) -> 0 | BL36: =ROUND(R36*G36*$C$3*$B$5,-2) -> 200 | BM36: =ROUND(U36*G36*$C$3*$B$5,-2) -> 0 | BN36: =ROUND(X36*G36*$C$3*$B$5,-2) -> 200 | BO36: =ROUND(AA36*G36*$C$3*$B$5,-2) -> 0 | BP36: =ROUND(AD36*G36*$C$3*$B$5,-2) -> 0 | BQ36: =ROUND(AG36*G36*$C$3*$B$5,-2) -> 0 | BR36: =ROUND(AJ36*G36*$B$5*$C$3,-2) -> 0 | BS36: =ROUND(AM36*G36*$C$3*$B$5,-2) -> 0 | BT36: =ROUND(AP36*G36*$C$3*$B$5,-2) -> 0 | BU36: =ROUND(AS36*G36*$C$3*$B$5,-2) -> 0 | BV36: =ROUND(AV36*G36*$C$3*$B$5,-2) -> 0 | BW36: =ROUND(AY36*G36*$C$3*$B$5,-2) -> 0 | BX36: =ROUND(BB36*G36*$C$3*$B$5,-2) -> 0 | BY36: =ROUND(BE36*G36*$C$3*$B$5,-2) -> 0 | BZ36: =ROUND(BH36*G36*$C$3*$B$5,-2) -> 0 | CB36: =IF(SUM(I36:L36)<>0,"X") -> X | CC36: =CC32 -> KT2. | CD36: =CC36&G36 -> KT2.11,2 | CE36: =LEFT(C36,2) -> Lò | CF36: =CC36&CE36 -> KT2.Lò
A37: =A33 -> #REF! | C37: Lò DVPT chợ N-6-5/V6-KN | D37: Thép | G37: 11.2 | H37: 0.7 | I37: =V37+AH37+AT37+BF37 -> 75 | J37: =W37+AI37+AU37+BG37 -> 0 | K37: =X37+AJ37+AV37+BH37 -> 75 | L37: =BN37+BR37+BV37+BZ37 -> 1000 | M37: 30 | O37: =M37-N37 -> 30 | R37: =P37-Q37 -> 0 | S37: 45 | U37: =S37-T37 -> 45 | V37: =M37+P37+S37 -> 75 | W37: =N37+Q37+T37 -> 0 | X37: =O37+R37+U37 -> 75 | AA37: =Y37-Z37 -> 0 | AD37: =AB37-AC37 -> 0 | AG37: =AE37-AF37 -> 0 | AH37: =Y37+AB37+AE37 -> 0 | AI37: =Z37+AC37+AF37 -> 0 | AJ37: =AA37+AD37+AG37 -> 0 | AM37: =AK37-AL37 -> 0 | AP37: =AN37-AO37 -> 0 | AS37: =AQ37-AR37 -> 0 | AT37: =AK37+AN37+AQ37 -> 0 | AU37: =AL37+AO37+AR37 -> 0 | AV37: =AM37+AP37+AS37 -> 0 | AY37: =AW37-AX37 -> 0 | BB37: =AZ37-BA37 -> 0 | BE37: =BC37-BD37 -> 0 | BF37: =AW37+AZ37+BC37 -> 0 | BG37: =AX37+BA37+BD37 -> 0 | BH37: =AY37+BB37+BE37 -> 0 | BJ37: =LEFT(C37,2) -> Lò | BK37: =ROUND(O37*G37*$C$3*$B$5,-2) -> 400 | BL37: =ROUND(R37*G37*$C$3*$B$5,-2) -> 0 | BM37: =ROUND(U37*G37*$C$3*$B$5,-2) -> 600 | BN37: =ROUND(X37*G37*$C$3*$B$5,-2) -> 1000 | BO37: =ROUND(AA37*G37*$C$3*$B$5,-2) -> 0 | BP37: =ROUND(AD37*G37*$C$3*$B$5,-2) -> 0 | BQ37: =ROUND(AG37*G37*$C$3*$B$5,-2) -> 0 | BR37: =ROUND(AJ37*G37*$B$5*$C$3,-2) -> 0 | BS37: =ROUND(AM37*G37*$C$3*$B$5,-2) -> 0 | BT37: =ROUND(AP37*G37*$C$3*$B$5,-2) -> 0 | BU37: =ROUND(AS37*G37*$C$3*$B$5,-2) -> 0 | BV37: =ROUND(AV37*G37*$C$3*$B$5,-2) -> 0 | BW37: =ROUND(AY37*G37*$C$3*$B$5,-2) -> 0 | BX37: =ROUND(BB37*G37*$C$3*$B$5,-2) -> 0 | BY37: =ROUND(BE37*G37*$C$3*$B$5,-2) -> 0 | BZ37: =ROUND(BH37*G37*$C$3*$B$5,-2) -> 0 | CB37: =IF(SUM(I37:L37)<>0,"X") -> X | CC37: =CC33 -> KT2. | CD37: =CC37&G37 -> KT2.11,2 | CE37: =LEFT(C37,2) -> Lò | CF37: =CC37&CE37 -> KT2.Lò
A38: =A37 -> #REF! | C38: Lò | D38: Thép | G38: 11.2 | H38: 0.7 | I38: =V38+AH38+AT38+BF38 -> 0 | J38: =W38+AI38+AU38+BG38 -> 0 | K38: =X38+AJ38+AV38+BH38 -> 0 | L38: =BN38+BR38+BV38+BZ38 -> 0 | O38: =M38-N38 -> 0 | R38: =P38-Q38 -> 0 | U38: =S38-T38 -> 0 | V38: =M38+P38+S38 -> 0 | W38: =N38+Q38+T38 -> 0 | X38: =O38+R38+U38 -> 0 | AA38: =Y38-Z38 -> 0 | AD38: =AB38-AC38 -> 0 | AG38: =AE38-AF38 -> 0 | AH38: =Y38+AB38+AE38 -> 0 | AI38: =Z38+AC38+AF38 -> 0 | AJ38: =AA38+AD38+AG38 -> 0 | AM38: =AK38-AL38 -> 0 | AP38: =AN38-AO38 -> 0 | AS38: =AQ38-AR38 -> 0 | AT38: =AK38+AN38+AQ38 -> 0 | AU38: =AL38+AO38+AR38 -> 0 | AV38: =AM38+AP38+AS38 -> 0 | AY38: =AW38-AX38 -> 0 | BB38: =AZ38-BA38 -> 0 | BE38: =BC38-BD38 -> 0 | BF38: =AW38+AZ38+BC38 -> 0 | BG38: =AX38+BA38+BD38 -> 0 | BH38: =AY38+BB38+BE38 -> 0 | BJ38: =LEFT(C38,2) -> Lò | BK38: =ROUND(O38*G38*$C$3*$B$5,-2) -> 0 | BL38: =ROUND(R38*G38*$C$3*$B$5,-2) -> 0 | BM38: =ROUND(U38*G38*$C$3*$B$5,-2) -> 0 | BN38: =ROUND(X38*G38*$C$3*$B$5,-2) -> 0 | BO38: =ROUND(AA38*G38*$C$3*$B$5,-2) -> 0 | BP38: =ROUND(AD38*G38*$C$3*$B$5,-2) -> 0 | BQ38: =ROUND(AG38*G38*$C$3*$B$5,-2) -> 0 | BR38: =ROUND(AJ38*G38*$B$5*$C$3,-2) -> 0 | BS38: =ROUND(AM38*G38*$C$3*$B$5,-2) -> 0 | BT38: =ROUND(AP38*G38*$C$3*$B$5,-2) -> 0 | BU38: =ROUND(AS38*G38*$C$3*$B$5,-2) -> 0 | BV38: =ROUND(AV38*G38*$C$3*$B$5,-2) -> 0 | BW38: =ROUND(AY38*G38*$C$3*$B$5,-2) -> 0 | BX38: =ROUND(BB38*G38*$C$3*$B$5,-2) -> 0 | BY38: =ROUND(BE38*G38*$C$3*$B$5,-2) -> 0 | BZ38: =ROUND(BH38*G38*$C$3*$B$5,-2) -> 0 | CB38: =IF(SUM(I38:L38)<>0,"X") -> FALSE | CC38: =CC37 -> KT2. | CD38: =CC38&G38 -> KT2.11,2 | CE38: =LEFT(C38,2) -> Lò | CF38: =CC38&CE38 -> KT2.Lò
A39: =A38 -> #REF! | B39: b | C39: XL CBSX | I39: =SUM(I40:I43) -> 283 | J39: =SUM(J40:J43) -> 155 | K39: =SUM(K40:K43) -> 128 | L39: =SUM(L40:L43) -> 300 | M39: =SUM(M40:M43) -> 43 | N39: =SUM(N40:N43) -> 15 | O39: =SUM(O40:O43) -> 28 | P39: =SUM(P40:P43) -> 0 | ... BH39: =SUM(BH40:BH43) -> 15 | BJ39: =LEFT(C39,2) -> XL | BK39: =SUM(BK40:BK43) -> 100 | BL39: =SUM(BL40:BL43) -> 0 | BM39: =SUM(BM40:BM43) -> 0 | BN39: =SUM(BN40:BN43) -> 100 | BO39: =SUM(BO40:BO43) -> 0 | BP39: =SUM(BP40:BP43) -> 0 | BQ39: =SUM(BQ40:BQ43) -> 100 | BR39: =SUM(BR40:BR43) -> 100 | ... BZ39: =SUM(BZ40:BZ43) -> 0 | CB39: =IF(SUM(I39:L39)<>0,"X") -> X | CC39: =CC38 -> KT2. | CD39: =CC39&G39 -> KT2. | CE39: =LEFT(C39,2) -> XL | CF39: =CC39&CE39 -> KT2.XL
A40: =A39 -> #REF! | C40: Xén lò DVVT chợ N-6-5 | D40: Thép | G40: 13.1 | H40: 0.7 | I40: =V40+AH40+AT40+BF40 -> 0 | J40: =W40+AI40+AU40+BG40 -> 0 | K40: =X40+AJ40+AV40+BH40 -> 0 | L40: =BN40+BR40+BV40+BZ40 -> 0 | O40: =M40-N40 -> 0 | R40: =P40-Q40 -> 0 | U40: =S40-T40 -> 0 | V40: =M40+P40+S40 -> 0 | W40: =N40+Q40+T40 -> 0 | X40: =O40+R40+U40 -> 0 | AA40: =Y40-Z40 -> 0 | AD40: =AB40-AC40 -> 0 | AG40: =AE40-AF40 -> 0 | AH40: =Y40+AB40+AE40 -> 0 | AI40: =Z40+AC40+AF40 -> 0 | AJ40: =AA40+AD40+AG40 -> 0 | AM40: =AK40-AL40 -> 0 | AP40: =AN40-AO40 -> 0 | AS40: =AQ40-AR40 -> 0 | AT40: =AK40+AN40+AQ40 -> 0 | AU40: =AL40+AO40+AR40 -> 0 | AV40: =AM40+AP40+AS40 -> 0 | AY40: =AW40-AX40 -> 0 | BB40: =AZ40-BA40 -> 0 | BE40: =BC40-BD40 -> 0 | BF40: =AW40+AZ40+BC40 -> 0 | BG40: =AX40+BA40+BD40 -> 0 | BH40: =AY40+BB40+BE40 -> 0 | BJ40: =LEFT(C40,2) -> Xé | BK40: =ROUND(O40*G40*$B$6,-2) -> 0 | BL40: =ROUND(R40*G40*$B$6,-2) -> 0 | BM40: =ROUND(U40*G40*$B$6,-2) -> 0 | BN40: =ROUND(X40*G40*$B$6,-2) -> 0 | BO40: =ROUND(AA40*G40*$B$6,-2) -> 0 | BP40: =ROUND(AD40*G40*$B$6,-2) -> 0 | BQ40: =ROUND(AG40*G40*$B$6,-2) -> 0 | BR40: =ROUND(AJ40*G40*$B$6,-2) -> 0 | BS40: =ROUND(AM40*G40*$B$6,-2) -> 0 | BT40: =ROUND(AP40*G40*$B$6,-2) -> 0 | BU40: =ROUND(AS40*G40*$B$6,-2) -> 0 | BV40: =ROUND(AV40*G40*$B$6,-2) -> 0 | BW40: =ROUND(AY40*G40*$B$6,-2) -> 0 | BX40: =ROUND(BB40*G40*$B$6,-2) -> 0 | BY40: =ROUND(BE40*G40*$B$6,-2) -> 0 | BZ40: =ROUND(BH40*G40*$B$6,-2) -> 0 | CB40: =IF(SUM(I40:L40)<>0,"X") -> FALSE | CC40: =CC39 -> KT2. | CD40: =CC40&G40 -> KT2.13,1 | CE40: =LEFT(C40,2) -> Xé | CF40: =CC40&CE40 -> KT2.Xé
A41: =A38 -> #REF! | C41: Xén lò DVTG chợ N-6-5 | D41: Thép | G41: 11.2 | H41: 0.7 | I41: =V41+AH41+AT41+BF41 -> 115 | J41: =W41+AI41+AU41+BG41 -> 55 | K41: =X41+AJ41+AV41+BH41 -> 60 | L41: =BN41+BR41+BV41+BZ41 -> 100 | O41: =M41-N41 -> 0 | R41: =P41-Q41 -> 0 | U41: =S41-T41 -> 0 | V41: =M41+P41+S41 -> 0 | W41: =N41+Q41+T41 -> 0 | X41: =O41+R41+U41 -> 0 | Y41: 25 | Z41: 15 | AA41: =Y41-Z41 -> 10 | AB41: 25 | AC41: 15 | AD41: =AB41-AC41 -> 10 | AE41: 40 | AF41: 15 | AG41: =AE41-AF41 -> 25 | AH41: =Y41+AB41+AE41 -> 90 | AI41: =Z41+AC41+AF41 -> 45 | AJ41: =AA41+AD41+AG41 -> 45 | AK41: 25 | AL41: 10 | AM41: =AK41-AL41 -> 15 | AP41: =AN41-AO41 -> 0 | AS41: =AQ41-AR41 -> 0 | AT41: =AK41+AN41+AQ41 -> 25 | AU41: =AL41+AO41+AR41 -> 10 | AV41: =AM41+AP41+AS41 -> 15 | AY41: =AW41-AX41 -> 0 | BB41: =AZ41-BA41 -> 0 | BE41: =BC41-BD41 -> 0 | BF41: =AW41+AZ41+BC41 -> 0 | BG41: =AX41+BA41+BD41 -> 0 | BH41: =AY41+BB41+BE41 -> 0 | BJ41: =LEFT(C41,2) -> Xé | BK41: =ROUND(O41*G41*$B$6,-2) -> 0 | BL41: =ROUND(R41*G41*$B$6,-2) -> 0 | BM41: =ROUND(U41*G41*$B$6,-2) -> 0 | BN41: =ROUND(X41*G41*$B$6,-2) -> 0 | BO41: =ROUND(AA41*G41*$B$6,-2) -> 0 | BP41: =ROUND(AD41*G41*$B$6,-2) -> 0 | BQ41: =ROUND(AG41*G41*$B$6,-2) -> 100 | BR41: =ROUND(AJ41*G41*$B$6,-2) -> 100 | BS41: =ROUND(AM41*G41*$B$6,-2) -> 0 | BT41: =ROUND(AP41*G41*$B$6,-1) -> 0 | BU41: =ROUND(AS41*G41*$B$6,-1) -> 0 | BV41: =ROUND(AV41*G41*$B$6,-2) -> 0 | BW41: =ROUND(AY41*G41*$B$6,-2) -> 0 | BX41: =ROUND(BB41*G41*$B$6,-2) -> 0 | BY41: =ROUND(BE41*G41*$B$6,-2) -> 0 | BZ41: =ROUND(BH41*G41*$B$6,-2) -> 0 | CB41: =IF(SUM(I41:L41)<>0,"X") -> X | CC41: =CC38 -> KT2. | CD41: =CC41&G41 -> KT2.11,2 | CE41: =LEFT(C41,2) -> Xé | CF41: =CC41&CE41 -> KT2.Xé
A42: =A39 -> #REF! | C42: Xén lò thượng TG -100/-10V6 | D42: Thép | G42: 11.2 | H42: 0.7 | I42: =V42+AH42+AT42+BF42 -> 168 | J42: =W42+AI42+AU42+BG42 -> 100 | K42: =X42+AJ42+AV42+BH42 -> 68 | L42: =BN42+BR42+BV42+BZ42 -> 200 | M42: 43 | N42: 15 | O42: =M42-N42 -> 28 | R42: =P42-Q42 -> 0 | U42: =S42-T42 -> 0 | V42: =M42+P42+S42 -> 43 | W42: =N42+Q42+T42 -> 15 | X42: =O42+R42+U42 -> 28 | AA42: =Y42-Z42 -> 0 | AD42: =AB42-AC42 -> 0 | AG42: =AE42-AF42 -> 0 | AH42: =Y42+AB42+AE42 -> 0 | AI42: =Z42+AC42+AF42 -> 0 | AJ42: =AA42+AD42+AG42 -> 0 | AM42: =AK42-AL42 -> 0 | AN42: 25 | AO42: 10 | AP42: =AN42-AO42 -> 15 | AQ42: 25 | AR42: 15 | AS42: =AQ42-AR42 -> 10 | AT42: =AK42+AN42+AQ42 -> 50 | AU42: =AL42+AO42+AR42 -> 25 | AV42: =AM42+AP42+AS42 -> 25 | AW42: 25 | AX42: 20 | AY42: =AW42-AX42 -> 5 | AZ42: 25 | BA42: 20 | BB42: =AZ42-BA42 -> 5 | BC42: 25 | BD42: 20 | BE42: =BC42-BD42 -> 5 | BF42: =AW42+AZ42+BC42 -> 75 | BG42: =AX42+BA42+BD42 -> 60 | BH42: =AY42+BB42+BE42 -> 15 | BJ42: =LEFT(C42,2) -> Xé | BK42: =ROUND(O42*G42*$B$6,-2) -> 100 | BL42: =ROUND(R42*G42*$B$6,-2) -> 0 | BM42: =ROUND(U42*G42*$B$6,-2) -> 0 | BN42: =ROUND(X42*G42*$B$6,-2) -> 100 | BO42: =ROUND(AA42*G42*$B$6,-1) -> 0 | BP42: =ROUND(AB42*H42*$B$6,-1) -> 0 | BQ42: =ROUND(AC42*I42*$B$6,-1) -> 0 | BR42: =ROUND(AJ42*G42*$B$6,-2) -> 0 | BS42: =ROUND(AM42*G42*$B$6,-1) -> 0 | BT42: =ROUND(AP42*G42*$B$6,-2) -> 0 | BU42: =ROUND(AS42*G42*$B$6,-2) -> 0 | BV42: =ROUND(AV42*G42*$B$6,-2) -> 100 | BW42: =ROUND(AY42*G42*$B$6,-2) -> 0 | BX42: =ROUND(BB42*G42*$B$6,-2) -> 0 | BY42: =ROUND(BE42*G42*$B$6,-2) -> 0 | BZ42: =ROUND(BH42*G42*$B$6,-2) -> 0 | CB42: =IF(SUM(I42:L42)<>0,"X") -> X | CC42: =CC39 -> KT2. | CD42: =CC42&G42 -> KT2.11,2 | CE42: =LEFT(C42,2) -> Xé | CF42: =CC42&CE42 -> KT2.Xé
A43: =A40 -> #REF! | C43: Xén | D43: Thép | G43: 13.1 | H43: 0.7 | I43: =V43+AH43+AT43+BF43 -> 0 | J43: =W43+AI43+AU43+BG43 -> 0 | K43: =X43+AJ43+AV43+BH43 -> 0 | L43: =BN43+BR43+BV43+BZ43 -> 0 | O43: =M43-N43 -> 0 | R43: =P43-Q43 -> 0 | U43: =S43-T43 -> 0 | V43: =M43+P43+S43 -> 0 | W43: =N43+Q43+T43 -> 0 | X43: =O43+R43+U43 -> 0 | AA43: =Y43-Z43 -> 0 | AD43: =AB43-AC43 -> 0 | AG43: =AE43-AF43 -> 0 | AH43: =Y43+AB43+AE43 -> 0 | AI43: =Z43+AC43+AF43 -> 0 | AJ43: =AA43+AD43+AG43 -> 0 | AM43: =AK43-AL43 -> 0 | AP43: =AN43-AO43 -> 0 | AS43: =AQ43-AR43 -> 0 | AT43: =AK43+AN43+AQ43 -> 0 | AU43: =AL43+AO43+AR43 -> 0 | AV43: =AM43+AP43+AS43 -> 0 | AY43: =AW43-AX43 -> 0 | BB43: =AZ43-BA43 -> 0 | BE43: =BC43-BD43 -> 0 | BF43: =AW43+AZ43+BC43 -> 0 | BG43: =AX43+BA43+BD43 -> 0 | BH43: =AY43+BB43+BE43 -> 0 | BJ43: =LEFT(C43,2) -> Xé | BK43: =ROUND(O43*G43*$B$6,-2) -> 0 | BL43: =ROUND(R43*G43*$B$6,-2) -> 0 | BM43: =ROUND(U43*G43*$B$6,-2) -> 0 | BN43: =ROUND(X43*G43*$B$6,-2) -> 0 | BO43: =ROUND(AA43*G43*$B$6,-2) -> 0 | BP43: =ROUND(AD43*G43*$B$6,-2) -> 0 | BQ43: =ROUND(AG43*G43*$B$6,-2) -> 0 | BR43: =ROUND(AJ43*G43*$B$6,-2) -> 0 | BS43: =ROUND(AM43*G43*$B$6,-2) -> 0 | BT43: =ROUND(AP43*G43*$B$6,-2) -> 0 | BU43: =ROUND(AS43*G43*$B$6,-2) -> 0 | BV43: =ROUND(AV43*G43*$B$6,-2) -> 0 | BW43: =ROUND(AY43*G43*$B$6,-2) -> 0 | BX43: =ROUND(BB43*G43*$B$6,-2) -> 0 | BY43: =ROUND(BE43*G43*$B$6,-2) -> 0 | BZ43: =ROUND(BH43*G43*$B$6,-2) -> 0 | CB43: =IF(SUM(I43:L43)<>0,"X") -> FALSE | CC43: =CC40 -> KT2. | CD43: =CC43&G43 -> KT2.13,1 | CE43: =LEFT(C43,2) -> Xé | CF43: =CC43&CE43 -> KT2.Xé
A44: =#REF! -> #REF! | B44: 3 | C44: PX KT3 | I44: =SUM(I45:I59)/2 -> 1069.5 | J44: =SUM(J45:J59)/2 -> 212.5 | K44: =SUM(K45:K59)/2 -> 857 | L44: =SUM(L45:L51)/2 -> 7000 | M44: =SUM(M45:M59)/2 -> 139 | N44: =SUM(N45:N59)/2 -> 15 | O44: =SUM(O45:O59)/2 -> 124 | P44: =SUM(P45:P59)/2 -> 155 | Q44: =SUM(Q45:Q59)/2 -> 30 | R44: =SUM(R45:R59)/2 -> 125 | S44: =SUM(S45:S59)/2 -> 240 | T44: =SUM(T45:T59)/2 -> 70 | ... BH44: =SUM(BH45:BH59)/2 -> 10 | BJ44: =LEFT(C44,2) -> PX | BK44: =SUM(BK45:BK60)/2 -> 1400 | BL44: =SUM(BL45:BL60)/2 -> 1200 | BM44: =SUM(BM45:BM60)/2 -> 2100 | BN44: =SUM(BN45:BN60)/2 -> 4800 | BO44: =SUM(BO45:BO60)/2 -> 1100 | BP44: =SUM(BP45:BP60)/2 -> 1000 | BQ44: =SUM(BQ45:BQ60)/2 -> 500 | BR44: =SUM(BR45:BR60)/2 -> 2600 | ... BZ44: =SUM(BZ45:BZ60)/2 -> 200 | CB44: =IF(SUM(I44:L44)<>0,"X") -> X | CC44: KT3. | CD44: =CC44&G44 -> KT3. | CE44: =LEFT(C44,2) -> PX | CF44: =CC44&CE44 -> KT3.PX
A45: =#REF! -> #REF! | B45: a | C45: ĐL CBSX | I45: =SUM(I46:I55) -> 957 | J45: =SUM(J46:J55) -> 165 | K45: =SUM(K46:K55) -> 792 | L45: =SUM(L46:L55) -> 9600 | M45: =SUM(M46:M55) -> 139 | N45: =SUM(N46:N55) -> 15 | O45: =SUM(O46:O55) -> 124 | P45: =SUM(P46:P55) -> 105 | ... BH45: =SUM(BH46:BH55) -> 10 | BJ45: =LEFT(C45,2) -> ĐL | BK45: =SUM(BK46:BK55) -> 1400 | BL45: =SUM(BL46:BL55) -> 1100 | BM45: =SUM(BM46:BM55) -> 2100 | BN45: =SUM(BN46:BN55) -> 4700 | BO45: =SUM(BO46:BO55) -> 1100 | BP45: =SUM(BP46:BP55) -> 1000 | BQ45: =SUM(BQ46:BQ55) -> 500 | BR45: =SUM(BR46:BR55) -> 2600 | ... BZ45: =SUM(BZ46:BZ55) -> 100 | CA45: =I45-V45-AH45-AT45-BF45 -> 0 | CB45: =IF(SUM(I45:L45)<>0,"X") -> X | CC45: =CC44 -> KT3. | CD45: =CC45&G45 -> KT3. | CE45: =LEFT(C45,2) -> ĐL | CF45: =CC45&CE45 -> KT3.ĐL
A46: =A45 -> #REF! | C46: Lò DVTG chợ N-9-1C | D46: Thép | G46: 11.2 | H46: 0.7 | I46: =V46+AH46+AT46+BF46 -> 30 | J46: =W46+AI46+AU46+BG46 -> 0 | K46: =X46+AJ46+AV46+BH46 -> 30 | L46: =BN46+BR46+BV46+BZ46 -> 400 | M46: 30 | O46: =M46-N46 -> 30 | R46: =P46-Q46 -> 0 | U46: =S46-T46 -> 0 | V46: =M46+P46+S46 -> 30 | W46: =N46+Q46+T46 -> 0 | X46: =O46+R46+U46 -> 30 | AA46: =Y46-Z46 -> 0 | AD46: =AB46-AC46 -> 0 | AG46: =AE46-AF46 -> 0 | AH46: =Y46+AB46+AE46 -> 0 | AI46: =Z46+AC46+AF46 -> 0 | AJ46: =AA46+AD46+AG46 -> 0 | AM46: =AK46-AL46 -> 0 | AP46: =AN46-AO46 -> 0 | AS46: =AQ46-AR46 -> 0 | AT46: =AK46+AN46+AQ46 -> 0 | AU46: =AL46+AO46+AR46 -> 0 | AV46: =AM46+AP46+AS46 -> 0 | AY46: =AW46-AX46 -> 0 | BB46: =AZ46-BA46 -> 0 | BE46: =BC46-BD46 -> 0 | BF46: =AW46+AZ46+BC46 -> 0 | BG46: =AX46+BA46+BD46 -> 0 | BH46: =AY46+BB46+BE46 -> 0 | BJ46: =LEFT(C46,2) -> Lò | BK46: =ROUND(O46*G46*$C$3*$B$5,-2) -> 400 | BL46: =ROUND(R46*G46*$C$3*$B$5,-2) -> 0 | BM46: =ROUND(U46*G46*$C$3*$B$5,-2) -> 0 | BN46: =ROUND(X46*G46*$C$3*$B$5,-2) -> 400 | BO46: =ROUND(AA46*G46*$C$3*$B$5,-2) -> 0 | BP46: =ROUND(AD46*G46*$C$3*$B$5,-2) -> 0 | BQ46: =ROUND(AG46*G46*$C$3*$B$5,-2) -> 0 | BR46: =ROUND(AJ46*G46*$B$5*$C$3,-2) -> 0 | BS46: =ROUND(AM46*G46*$C$3*$B$5,-2) -> 0 | BT46: =ROUND(AP46*G46*$C$3*$B$5,-2) -> 0 | BU46: =ROUND(AS46*G46*$C$3*$B$5,-2) -> 0 | BV46: =ROUND(AV46*G46*$C$3*$B$5,-2) -> 0 | BW46: =ROUND(AY46*G46*$C$3*$B$5,-2) -> 0 | BX46: =ROUND(BB46*G46*$C$3*$B$5,-2) -> 0 | BY46: =ROUND(BE46*G46*$C$3*$B$5,-2) -> 0 | BZ46: =ROUND(BH46*G46*$C$3*$B$5,-2) -> 0 | CB46: =IF(SUM(I46:L46)<>0,"X") -> X | CC46: =CC45 -> KT3. | CD46: =CC46&G46 -> KT3.11,2 | CE46: =LEFT(C46,2) -> Lò | CF46: =CC46&CE46 -> KT3.Lò
A47: =A46 -> #REF! | C47: Lò TKĐ chợ N-10-2A | D47: Thép | G47: 8.5 | H47: 0.7 | I47: =V47+AH47+AT47+BF47 -> 80 | J47: =W47+AI47+AU47+BG47 -> 0 | K47: =X47+AJ47+AV47+BH47 -> 80 | L47: =BN47+BR47+BV47+BZ47 -> 800 | M47: 80 | O47: =M47-N47 -> 80 | R47: =P47-Q47 -> 0 | U47: =S47-T47 -> 0 | V47: =M47+P47+S47 -> 80 | W47: =N47+Q47+T47 -> 0 | X47: =O47+R47+U47 -> 80 | AA47: =Y47-Z47 -> 0 | AD47: =AB47-AC47 -> 0 | AG47: =AE47-AF47 -> 0 | AH47: =Y47+AB47+AE47 -> 0 | AI47: =Z47+AC47+AF47 -> 0 | AJ47: =AA47+AD47+AG47 -> 0 | AM47: =AK47-AL47 -> 0 | AP47: =AN47-AO47 -> 0 | AS47: =AQ47-AR47 -> 0 | AT47: =AK47+AN47+AQ47 -> 0 | AU47: =AL47+AO47+AR47 -> 0 | AV47: =AM47+AP47+AS47 -> 0 | AY47: =AW47-AX47 -> 0 | BB47: =AZ47-BA47 -> 0 | BE47: =BC47-BD47 -> 0 | BF47: =AW47+AZ47+BC47 -> 0 | BG47: =AX47+BA47+BD47 -> 0 | BH47: =AY47+BB47+BE47 -> 0 | BJ47: =LEFT(C47,2) -> Lò | BK47: =ROUND(O47*G47*$C$3*$B$5,-2) -> 800 | BL47: =ROUND(R47*G47*$C$3*$B$5,-2) -> 0 | BM47: =ROUND(U47*G47*$C$3*$B$5,-2) -> 0 | BN47: =ROUND(X47*G47*$C$3*$B$5,-2) -> 800 | BO47: =ROUND(AA47*G47*$C$3*$B$5,-2) -> 0 | BP47: =ROUND(AD47*G47*$C$3*$B$5,-2) -> 0 | BQ47: =ROUND(AG47*G47*$C$3*$B$5,-2) -> 0 | BR47: =ROUND(AJ47*G47*$B$5*$C$3,-2) -> 0 | BS47: =ROUND(AM47*G47*$C$3*$B$5,-2) -> 0 | BT47: =ROUND(AP47*G47*$C$3*$B$5,-2) -> 0 | BU47: =ROUND(AS47*G47*$C$3*$B$5,-2) -> 0 | BV47: =ROUND(AV47*G47*$C$3*$B$5,-2) -> 0 | BW47: =ROUND(AY47*G47*$C$3*$B$5,-2) -> 0 | BX47: =ROUND(BB47*G47*$C$3*$B$5,-2) -> 0 | BY47: =ROUND(BE47*G47*$C$3*$B$5,-2) -> 0 | BZ47: =ROUND(BH47*G47*$C$3*$B$5,-2) -> 0 | CB47: =IF(SUM(I47:L47)<>0,"X") -> X | CC47: =CC46 -> KT3. | CD47: =CC47&G47 -> KT3.8,5 | CE47: =LEFT(C47,2) -> Lò | CF47: =CC47&CE47 -> KT3.Lò
A48: =A46 -> #REF! | C48: Lò DVVT chợ N-9-1B | D48: Thép | G48: 11.2 | H48: 0.7 | I48: =V48+AH48+AT48+BF48 -> 150 | J48: =W48+AI48+AU48+BG48 -> 35 | K48: =X48+AJ48+AV48+BH48 -> 115 | L48: =BN48+BR48+BV48+BZ48 -> 1500 | O48: =M48-N48 -> 0 | P48: 45 | Q48: 10 | R48: =P48-Q48 -> 35 | S48: 75 | T48: 20 | U48: =S48-T48 -> 55 | V48: =M48+P48+S48 -> 120 | W48: =N48+Q48+T48 -> 30 | X48: =O48+R48+U48 -> 90 | Y48: 30 | Z48: 5 | AA48: =Y48-Z48 -> 25 | AD48: =AB48-AC48 -> 0 | AG48: =AE48-AF48 -> 0 | AH48: =Y48+AB48+AE48 -> 30 | AI48: =Z48+AC48+AF48 -> 5 | AJ48: =AA48+AD48+AG48 -> 25 | AM48: =AK48-AL48 -> 0 | AP48: =AN48-AO48 -> 0 | AS48: =AQ48-AR48 -> 0 | AT48: =AK48+AN48+AQ48 -> 0 | AU48: =AL48+AO48+AR48 -> 0 | AV48: =AM48+AP48+AS48 -> 0 | AY48: =AW48-AX48 -> 0 | BB48: =AZ48-BA48 -> 0 | BE48: =BC48-BD48 -> 0 | BF48: =AW48+AZ48+BC48 -> 0 | BG48: =AX48+BA48+BD48 -> 0 | BH48: =AY48+BB48+BE48 -> 0 | BJ48: =LEFT(C48,2) -> Lò | BK48: =ROUND(O48*G48*$C$3*$B$5,-2) -> 0 | BL48: =ROUND(R48*G48*$C$3*$B$5,-2) -> 500 | BM48: =ROUND(U48*G48*$C$3*$B$5,-2) -> 700 | BN48: =ROUND(X48*G48*$C$3*$B$5,-2) -> 1200 | BO48: =ROUND(AA48*G48*$C$3*$B$5,-2) -> 300 | BP48: =ROUND(AD48*G48*$C$3*$B$5,-2) -> 0 | BQ48: =ROUND(AG48*G48*$C$3*$B$5,-2) -> 0 | BR48: =ROUND(AJ48*G48*$B$5*$C$3,-2) -> 300 | BS48: =ROUND(AM48*G48*$C$3*$B$5,-2) -> 0 | BT48: =ROUND(AP48*G48*$C$3*$B$5,-2) -> 0 | BU48: =ROUND(AS48*G48*$C$3*$B$5,-2) -> 0 | BV48: =ROUND(AV48*G48*$C$3*$B$5,-2) -> 0 | BW48: =ROUND(AY48*G48*$C$3*$B$5,-2) -> 0 | BX48: =ROUND(BB48*G48*$C$3*$B$5,-2) -> 0 | BY48: =ROUND(BE48*G48*$C$3*$B$5,-2) -> 0 | BZ48: =ROUND(BH48*G48*$C$3*$B$5,-2) -> 0 | CB48: =IF(SUM(I48:L48)<>0,"X") -> X | CC48: =CC46 -> KT3. | CD48: =CC48&G48 -> KT3.11,2 | CE48: =LEFT(C48,2) -> Lò | CF48: =CC48&CE48 -> KT3.Lò
A49: =A48 -> #REF! | C49: Lò TKĐ chợ N-9-1B ( Đ1) | D49: Thép | G49: 8.5 | H49: 0.7 | I49: =V49+AH49+AT49+BF49 -> 40 | J49: =W49+AI49+AU49+BG49 -> 10 | K49: =X49+AJ49+AV49+BH49 -> 30 | L49: =BN49+BR49+BV49+BZ49 -> 300 | O49: =M49-N49 -> 0 | R49: =P49-Q49 -> 0 | U49: =S49-T49 -> 0 | V49: =M49+P49+S49 -> 0 | W49: =N49+Q49+T49 -> 0 | X49: =O49+R49+U49 -> 0 | Y49: 40 | Z49: 10 | AA49: =Y49-Z49 -> 30 | AD49: =AB49-AC49 -> 0 | AG49: =AE49-AF49 -> 0 | AH49: =Y49+AB49+AE49 -> 40 | AI49: =Z49+AC49+AF49 -> 10 | AJ49: =AA49+AD49+AG49 -> 30 | AM49: =AK49-AL49 -> 0 | AP49: =AN49-AO49 -> 0 | AS49: =AQ49-AR49 -> 0 | AT49: =AK49+AN49+AQ49 -> 0 | AU49: =AL49+AO49+AR49 -> 0 | AV49: =AM49+AP49+AS49 -> 0 | AY49: =AW49-AX49 -> 0 | BB49: =AZ49-BA49 -> 0 | BE49: =BC49-BD49 -> 0 | BF49: =AW49+AZ49+BC49 -> 0 | BG49: =AX49+BA49+BD49 -> 0 | BH49: =AY49+BB49+BE49 -> 0 | BJ49: =LEFT(C49,2) -> Lò | BK49: =ROUND(O49*G49*$C$3*$B$5,-2) -> 0 | BL49: =ROUND(R49*G49*$C$3*$B$5,-2) -> 0 | BM49: =ROUND(U49*G49*$C$3*$B$5,-2) -> 0 | BN49: =ROUND(X49*G49*$C$3*$B$5,-2) -> 0 | BO49: =ROUND(AA49*G49*$C$3*$B$5,-2) -> 300 | BP49: =ROUND(AD49*G49*$C$3*$B$5,-2) -> 0 | BQ49: =ROUND(AG49*G49*$C$3*$B$5,-2) -> 0 | BR49: =ROUND(AJ49*G49*$B$5*$C$3,-2) -> 300 | BS49: =ROUND(AM49*G49*$C$3*$B$5,-2) -> 0 | BT49: =ROUND(AP49*G49*$C$3*$B$5,-2) -> 0 | BU49: =ROUND(AS49*G49*$C$3*$B$5,-2) -> 0 | BV49: =ROUND(AV49*G49*$C$3*$B$5,-2) -> 0 | BW49: =ROUND(AY49*G49*$C$3*$B$5,-2) -> 0 | BX49: =ROUND(BB49*G49*$C$3*$B$5,-2) -> 0 | BY49: =ROUND(BE49*G49*$C$3*$B$5,-2) -> 0 | BZ49: =ROUND(BH49*G49*$C$3*$B$5,-2) -> 0 | CB49: =IF(SUM(I49:L49)<>0,"X") -> X | CC49: =CC48 -> KT3. | CD49: =CC49&G49 -> KT3.8,5 | CE49: =LEFT(C49,2) -> Lò | CF49: =CC49&CE49 -> KT3.Lò
A50: =A48 -> #REF! | C50: Lò TKĐ chợ N-9-1B ( Đ2) | D50: Thép | G50: 8.5 | H50: 0.7 | I50: =V50+AH50+AT50+BF50 -> 30 | J50: =W50+AI50+AU50+BG50 -> 5 | K50: =X50+AJ50+AV50+BH50 -> 25 | L50: =BN50+BR50+BV50+BZ50 -> 300 | O50: =M50-N50 -> 0 | P50: 30 | Q50: 5 | R50: =P50-Q50 -> 25 | U50: =S50-T50 -> 0 | V50: =M50+P50+S50 -> 30 | W50: =N50+Q50+T50 -> 5 | X50: =O50+R50+U50 -> 25 | AA50: =Y50-Z50 -> 0 | AD50: =AB50-AC50 -> 0 | AG50: =AE50-AF50 -> 0 | AH50: =Y50+AB50+AE50 -> 0 | AI50: =Z50+AC50+AF50 -> 0 | AJ50: =AA50+AD50+AG50 -> 0 | AM50: =AK50-AL50 -> 0 | AP50: =AN50-AO50 -> 0 | AS50: =AQ50-AR50 -> 0 | AT50: =AK50+AN50+AQ50 -> 0 | AU50: =AL50+AO50+AR50 -> 0 | AV50: =AM50+AP50+AS50 -> 0 | AY50: =AW50-AX50 -> 0 | BB50: =AZ50-BA50 -> 0 | BE50: =BC50-BD50 -> 0 | BF50: =AW50+AZ50+BC50 -> 0 | BG50: =AX50+BA50+BD50 -> 0 | BH50: =AY50+BB50+BE50 -> 0 | BJ50: =LEFT(C50,2) -> Lò | BK50: =ROUND(O50*G50*$C$3*$B$5,-2) -> 0 | BL50: =ROUND(R50*G50*$C$3*$B$5,-2) -> 300 | BM50: =ROUND(U50*G50*$C$3*$B$5,-2) -> 0 | BN50: =ROUND(X50*G50*$C$3*$B$5,-2) -> 300 | BO50: =ROUND(AA50*G50*$C$3*$B$5,-2) -> 0 | BP50: =ROUND(AD50*G50*$C$3*$B$5,-2) -> 0 | BQ50: =ROUND(AG50*G50*$C$3*$B$5,-2) -> 0 | BR50: =ROUND(AJ50*G50*$B$5*$C$3,-2) -> 0 | BS50: =ROUND(AM50*G50*$C$3*$B$5,-2) -> 0 | BT50: =ROUND(AP50*G50*$C$3*$B$5,-2) -> 0 | BU50: =ROUND(AS50*G50*$C$3*$B$5,-2) -> 0 | BV50: =ROUND(AV50*G50*$C$3*$B$5,-2) -> 0 | BW50: =ROUND(AY50*G50*$C$3*$B$5,-2) -> 0 | BX50: =ROUND(BB50*G50*$C$3*$B$5,-2) -> 0 | BY50: =ROUND(BE50*G50*$C$3*$B$5,-2) -> 0 | BZ50: =ROUND(BH50*G50*$C$3*$B$5,-2) -> 0 | CB50: =IF(SUM(I50:L50)<>0,"X") -> X | CC50: =CC48 -> KT3. | CD50: =CC50&G50 -> KT3.8,5 | CE50: =LEFT(C50,2) -> Lò | CF50: =CC50&CE50 -> KT3.Lò
A51: =A49 -> #REF! | C51: Lò DVTG chợ N-9-1B | D51: Thép | G51: 11.2 | H51: 0.7 | I51: =V51+AH51+AT51+BF51 -> 100 | J51: =W51+AI51+AU51+BG51 -> 20 | K51: =X51+AJ51+AV51+BH51 -> 80 | L51: =BN51+BR51+BV51+BZ51 -> 1100 | O51: =M51-N51 -> 0 | P51: 10 | R51: =P51-Q51 -> 10 | S51: 90 | T51: 20 | U51: =S51-T51 -> 70 | V51: =M51+P51+S51 -> 100 | W51: =N51+Q51+T51 -> 20 | X51: =O51+R51+U51 -> 80 | AA51: =Y51-Z51 -> 0 | AD51: =AB51-AC51 -> 0 | AG51: =AE51-AF51 -> 0 | AH51: =Y51+AB51+AE51 -> 0 | AI51: =Z51+AC51+AF51 -> 0 | AJ51: =AA51+AD51+AG51 -> 0 | AM51: =AK51-AL51 -> 0 | AP51: =AN51-AO51 -> 0 | AS51: =AQ51-AR51 -> 0 | AT51: =AK51+AN51+AQ51 -> 0 | AU51: =AL51+AO51+AR51 -> 0 | AV51: =AM51+AP51+AS51 -> 0 | AY51: =AW51-AX51 -> 0 | BB51: =AZ51-BA51 -> 0 | BE51: =BC51-BD51 -> 0 | BF51: =AW51+AZ51+BC51 -> 0 | BG51: =AX51+BA51+BD51 -> 0 | BH51: =AY51+BB51+BE51 -> 0 | BJ51: =LEFT(C51,2) -> Lò | BK51: =ROUND(O51*G51*$C$3*$B$5,-2) -> 0 | BL51: =ROUND(R51*G51*$C$3*$B$5,-2) -> 100 | BM51: =ROUND(U51*G51*$C$3*$B$5,-2) -> 900 | BN51: =ROUND(X51*G51*$C$3*$B$5,-2) -> 1100 | BO51: =ROUND(AA51*G51*$C$3*$B$5,-2) -> 0 | BP51: =ROUND(AD51*G51*$C$3*$B$5,-2) -> 0 | BQ51: =ROUND(AG51*G51*$C$3*$B$5,-2) -> 0 | BR51: =ROUND(AJ51*G51*$B$5*$C$3,-2) -> 0 | BS51: =ROUND(AM51*G51*$C$3*$B$5,-2) -> 0 | BT51: =ROUND(AP51*G51*$C$3*$B$5,-2) -> 0 | BU51: =ROUND(AS51*G51*$C$3*$B$5,-2) -> 0 | BV51: =ROUND(AV51*G51*$C$3*$B$5,-2) -> 0 | BW51: =ROUND(AY51*G51*$C$3*$B$5,-2) -> 0 | BX51: =ROUND(BB51*G51*$C$3*$B$5,-2) -> 0 | BY51: =ROUND(BE51*G51*$C$3*$B$5,-2) -> 0 | BZ51: =ROUND(BH51*G51*$C$3*$B$5,-2) -> 0 | CB51: =IF(SUM(I51:L51)<>0,"X") -> X | CC51: =CC49 -> KT3. | CD51: =CC51&G51 -> KT3.11,2 | CE51: =LEFT(C51,2) -> Lò | CF51: =CC51&CE51 -> KT3.Lò
C52: Lò nối+TVPH chợ N-9-1B | D52: Gỗ | G52: 5.4 | H52: 0.7 | I52: =V52+AH52+AT52+BF52 -> 70 | J52: =W52+AI52+AU52+BG52 -> 10 | K52: =X52+AJ52+AV52+BH52 -> 60 | L52: =BN52+BR52+BV52+BZ52 -> 400 | O52: =M52-N52 -> 0 | R52: =P52-Q52 -> 0 | U52: =S52-T52 -> 0 | V52: =M52+P52+S52 -> 0 | W52: =N52+Q52+T52 -> 0 | X52: =O52+R52+U52 -> 0 | AA52: =Y52-Z52 -> 0 | AB52: 70 | AC52: 10 | AD52: =AB52-AC52 -> 60 | AG52: =AE52-AF52 -> 0 | AH52: =Y52+AB52+AE52 -> 70 | AI52: =Z52+AC52+AF52 -> 10 | AJ52: =AA52+AD52+AG52 -> 60 | AP52: =AN52-AO52 -> 0 | AS52: =AQ52-AR52 -> 0 | AT52: =AK52+AN52+AQ52 -> 0 | AU52: =AL52+AO52+AR52 -> 0 | AV52: =AM52+AP52+AS52 -> 0 | AY52: =AW52-AX52 -> 0 | BJ52: =LEFT(C52,2) -> Lò | BK52: =ROUND(O52*G52*$C$3*$B$5,-2) -> 0 | BL52: =ROUND(R52*G52*$C$3*$B$5,-2) -> 0 | BM52: =ROUND(U52*G52*$C$3*$B$5,-2) -> 0 | BN52: =ROUND(X52*G52*$C$3*$B$5,-2) -> 0 | BO52: =ROUND(AA52*G52*$C$3*$B$5,-2) -> 0 | BP52: =ROUND(AD52*G52*$C$3*$B$5,-2) -> 400 | BQ52: =ROUND(AG52*G52*$C$3*$B$5,-2) -> 0 | BR52: =ROUND(AJ52*G52*$B$5*$C$3,-2) -> 400 | BS52: =ROUND(AM52*G52*$C$3*$B$5,-2) -> 0 | BT52: =ROUND(AP52*G52*$C$3*$B$5,-2) -> 0 | BU52: =ROUND(AS52*G52*$C$3*$B$5,-2) -> 0 | BV52: =ROUND(AV52*G52*$C$3*$B$5,-2) -> 0 | BW52: =ROUND(AY52*G52*$C$3*$B$5,-2) -> 0 | BX52: =ROUND(BB52*G52*$C$3*$B$5,-2) -> 0 | BY52: =ROUND(BE52*G52*$C$3*$B$5,-2) -> 0 | BZ52: =ROUND(BH52*G52*$C$3*$B$5,-2) -> 0 | CB52: =IF(SUM(I52:L52)<>0,"X") -> X | CC52: =CC50 -> KT3. | CD52: =CC52&G52 -> KT3.5,4 | CE52: =LEFT(C52,2) -> Lò | CF52: =CC52&CE52 -> KT3.Lò
C53: Lò ngầm + Lò DVVT chợ N-9-4/V9-KN | D53: Thép | G53: 11.2 | H53: 0.7 | I53: =V53+AH53+AT53+BF53 -> 367 | J53: =W53+AI53+AU53+BG53 -> 65 | K53: =X53+AJ53+AV53+BH53 -> 302 | L53: =BN53+BR53+BV53+BZ53 -> 4000 | M53: 29 | N53: 15 | O53: =M53-N53 -> 14 | P53: 20 | Q53: 5 | R53: =P53-Q53 -> 15 | S53: 50 | T53: 10 | U53: =S53-T53 -> 40 | V53: =M53+P53+S53 -> 99 | W53: =N53+Q53+T53 -> 30 | X53: =O53+R53+U53 -> 69 | Y53: 50 | Z53: 15 | AA53: =Y53-Z53 -> 35 | AB53: 50 | AC53: 5 | AD53: =AB53-AC53 -> 45 | AE53: 50 | AF53: 10 | AG53: =AE53-AF53 -> 40 | AH53: =Y53+AB53+AE53 -> 150 | AI53: =Z53+AC53+AF53 -> 30 | AJ53: =AA53+AD53+AG53 -> 120 | AK53: 50 | AL53: 5 | AM53: =AK53-AL53 -> 45 | AN53: 68 | AP53: =AN53-AO53 -> 68 | AS53: =AQ53-AR53 -> 0 | AT53: =AK53+AN53+AQ53 -> 118 | AU53: =AL53+AO53+AR53 -> 5 | AV53: =AM53+AP53+AS53 -> 113 | AY53: =AW53-AX53 -> 0 | BJ53: =LEFT(C53,2) -> Lò | BK53: =ROUND(O53*G53*$C$3*$B$5,-2) -> 200 | BL53: =ROUND(R53*G53*$C$3*$B$5,-2) -> 200 | BM53: =ROUND(U53*G53*$C$3*$B$5,-2) -> 500 | BN53: =ROUND(X53*G53*$C$3*$B$5,-2) -> 900 | BO53: =ROUND(AA53*G53*$C$3*$B$5,-2) -> 500 | BP53: =ROUND(AD53*G53*$C$3*$B$5,-2) -> 600 | BQ53: =ROUND(AG53*G53*$C$3*$B$5,-2) -> 500 | BR53: =ROUND(AJ53*G53*$B$5*$C$3,-2) -> 1600 | BS53: =ROUND(AM53*G53*$C$3*$B$5,-2) -> 600 | BT53: =ROUND(AP53*G53*$C$3*$B$5,-2) -> 900 | BU53: =ROUND(AS53*G53*$C$3*$B$5,-2) -> 0 | BV53: =ROUND(AV53*G53*$C$3*$B$5,-2) -> 1500 | BW53: =ROUND(AY53*G53*$C$3*$B$5,-2) -> 0 | BX53: =ROUND(BB53*G53*$C$3*$B$5,-2) -> 0 | BY53: =ROUND(BE53*G53*$C$3*$B$5,-2) -> 0 | BZ53: =ROUND(BH53*G53*$C$3*$B$5,-2) -> 0 | CB53: =IF(SUM(I53:L53)<>0,"X") -> X | CC53: =CC51 -> KT3. | CD53: =CC53&G53 -> KT3.11,2 | CE53: =LEFT(C53,2) -> Lò | CF53: =CC53&CE53 -> KT3.Lò
C54: Lò TKĐ chợ N-9-4 | D54: Thép | G54: 8.5 | H54: 0.7 | I54: =V54+AH54+AT54+BF54 -> 30 | J54: =W54+AI54+AU54+BG54 -> 0 | K54: =X54+AJ54+AV54+BH54 -> 30 | L54: =BN54+BR54+BV54+BZ54 -> 300 | O54: =M54-N54 -> 0 | R54: =P54-Q54 -> 0 | U54: =S54-T54 -> 0 | V54: =M54+P54+S54 -> 0 | W54: =N54+Q54+T54 -> 0 | X54: =O54+R54+U54 -> 0 | AA54: =Y54-Z54 -> 0 | AD54: =AB54-AC54 -> 0 | AG54: =AE54-AF54 -> 0 | AH54: =Y54+AB54+AE54 -> 0 | AI54: =Z54+AC54+AF54 -> 0 | AJ54: =AA54+AD54+AG54 -> 0 | AP54: =AN54-AO54 -> 0 | AQ54: 30 | AS54: =AQ54-AR54 -> 30 | AT54: =AK54+AN54+AQ54 -> 30 | AU54: =AL54+AO54+AR54 -> 0 | AV54: =AM54+AP54+AS54 -> 30 | AY54: =AW54-AX54 -> 0 | BJ54: =LEFT(C54,2) -> Lò | BK54: =ROUND(O54*G54*$C$3*$B$5,-2) -> 0 | BL54: =ROUND(R54*G54*$C$3*$B$5,-2) -> 0 | BM54: =ROUND(U54*G54*$C$3*$B$5,-2) -> 0 | BN54: =ROUND(X54*G54*$C$3*$B$5,-2) -> 0 | BO54: =ROUND(AA54*G54*$C$3*$B$5,-2) -> 0 | BP54: =ROUND(AD54*G54*$C$3*$B$5,-2) -> 0 | BQ54: =ROUND(AG54*G54*$C$3*$B$5,-2) -> 0 | BR54: =ROUND(AJ54*G54*$B$5*$C$3,-2) -> 0 | BS54: =ROUND(AM54*G54*$C$3*$B$5,-2) -> 0 | BT54: =ROUND(AP54*G54*$C$3*$B$5,-2) -> 0 | BU54: =ROUND(AS54*G54*$C$3*$B$5,-2) -> 300 | BV54: =ROUND(AV54*G54*$C$3*$B$5,-2) -> 300 | BW54: =ROUND(AY54*G54*$C$3*$B$5,-2) -> 0 | BX54: =ROUND(BB54*G54*$C$3*$B$5,-2) -> 0 | BY54: =ROUND(BE54*G54*$C$3*$B$5,-2) -> 0 | BZ54: =ROUND(BH54*G54*$C$3*$B$5,-2) -> 0 | CB54: =IF(SUM(I54:L54)<>0,"X") -> X | CC54: =CC52 -> KT3. | CD54: =CC54&G54 -> KT3.8,5 | CE54: =LEFT(C54,2) -> Lò | CF54: =CC54&CE54 -> KT3.Lò
C55: Lò cúp chứa nước chợ N-9-4 | D55: Thép | G55: 11.2 | H55: 0.7 | I55: =V55+AH55+AT55+BF55 -> 60 | J55: =W55+AI55+AU55+BG55 -> 20 | K55: =X55+AJ55+AV55+BH55 -> 40 | L55: =BN55+BR55+BV55+BZ55 -> 500 | O55: =M55-N55 -> 0 | R55: =P55-Q55 -> 0 | U55: =S55-T55 -> 0 | V55: =M55+P55+S55 -> 0 | W55: =N55+Q55+T55 -> 0 | X55: =O55+R55+U55 -> 0 | AA55: =Y55-Z55 -> 0 | AD55: =AB55-AC55 -> 0 | AG55: =AE55-AF55 -> 0 | AH55: =Y55+AB55+AE55 -> 0 | AI55: =Z55+AC55+AF55 -> 0 | AJ55: =AA55+AD55+AG55 -> 0 | AP55: =AN55-AO55 -> 0 | AQ55: 45 | AR55: 15 | AS55: =AQ55-AR55 -> 30 | AT55: =AK55+AN55+AQ55 -> 45 | AU55: =AL55+AO55+AR55 -> 15 | AV55: =AM55+AP55+AS55 -> 30 | AW55: 15 | AX55: 5 | AY55: =AW55-AX55 -> 10 | BF55: =AW55+AZ55+BC55 -> 15 | BG55: =AX55+BA55+BD55 -> 5 | BH55: =AY55+BB55+BE55 -> 10 | BJ55: =LEFT(C55,2) -> Lò | BK55: =ROUND(O55*G55*$C$3*$B$5,-2) -> 0 | BL55: =ROUND(R55*G55*$C$3*$B$5,-2) -> 0 | BM55: =ROUND(U55*G55*$C$3*$B$5,-2) -> 0 | BN55: =ROUND(X55*G55*$C$3*$B$5,-2) -> 0 | BO55: =ROUND(AA55*G55*$C$3*$B$5,-2) -> 0 | BP55: =ROUND(AD55*G55*$C$3*$B$5,-2) -> 0 | BQ55: =ROUND(AG55*G55*$C$3*$B$5,-2) -> 0 | BR55: =ROUND(AJ55*G55*$B$5*$C$3,-2) -> 0 | BS55: =ROUND(AM55*G55*$C$3*$B$5,-2) -> 0 | BT55: =ROUND(AP55*G55*$C$3*$B$5,-2) -> 0 | BU55: =ROUND(AS55*G55*$C$3*$B$5,-2) -> 400 | BV55: =ROUND(AV55*G55*$C$3*$B$5,-2) -> 400 | BW55: =ROUND(AY55*G55*$C$3*$B$5,-2) -> 100 | BX55: =ROUND(BB55*G55*$C$3*$B$5,-2) -> 0 | BY55: =ROUND(BE55*G55*$C$3*$B$5,-2) -> 0 | BZ55: =ROUND(BH55*G55*$C$3*$B$5,-2) -> 100 | CB55: =IF(SUM(I55:L55)<>0,"X") -> X | CC55: =CC53 -> KT3. | CD55: =CC55&G55 -> KT3.11,2 | CE55: =LEFT(C55,2) -> Lò | CF55: =CC55&CE55 -> KT3.Lò
A56: =A51 -> #REF! | B56: b | C56: XL CBSX | I56: =SUM(I57:I60) -> 150 | J56: =SUM(J57:J60) -> 65 | K56: =SUM(K57:K60) -> 85 | L56: =SUM(L57:L59) -> 100 | M56: =SUM(M57:M59) -> 0 | N56: =SUM(N57:N59) -> 0 | O56: =SUM(O57:O59) -> 0 | P56: =SUM(P57:P59) -> 50 | Q56: =SUM(Q57:Q59) -> 10 | R56: =SUM(R57:R59) -> 40 | S56: =SUM(S57:S59) -> 25 | ... BH56: =SUM(BH57:BH59) -> 0 | BJ56: =LEFT(C56,2) -> XL | BK56: =SUM(BK57:BK60) -> 0 | BL56: =SUM(BL57:BL60) -> 100 | BM56: =SUM(BM57:BM60) -> 0 | BN56: =SUM(BN57:BN60) -> 100 | BO56: =SUM(BO57:BO60) -> 0 | BP56: =SUM(BP57:BP60) -> 0 | BQ56: =SUM(BQ57:BQ60) -> 0 | BR56: =SUM(BR57:BR60) -> 0 | ... BZ56: =SUM(BZ57:BZ60) -> 100 | CB56: =IF(SUM(I56:L56)<>0,"X") -> X | CC56: =CC51 -> KT3. | CD56: =CC56&G56 -> KT3. | CE56: =LEFT(C56,2) -> XL | CF56: =CC56&CE56 -> KT3.XL
A57: =A56 -> #REF! | C57: Xén lò DVVT chợ N-10-2.2 | D57: Thép | G57: 13.1 | H57: 0.7 | I57: =V57+AH57+AT57+BF57 -> 0 | J57: =W57+AI57+AU57+BG57 -> 0 | K57: =X57+AJ57+AV57+BH57 -> 0 | L57: =BN57+BR57+BV57+BZ57 -> 0 | O57: =M57-N57 -> 0 | R57: =P57-Q57 -> 0 | U57: =S57-T57 -> 0 | V57: =M57+P57+S57 -> 0 | W57: =N57+Q57+T57 -> 0 | X57: =O57+R57+U57 -> 0 | AA57: =Y57-Z57 -> 0 | AD57: =AB57-AC57 -> 0 | AG57: =AE57-AF57 -> 0 | AH57: =Y57+AB57+AE57 -> 0 | AI57: =Z57+AC57+AF57 -> 0 | AJ57: =AA57+AD57+AG57 -> 0 | AM57: =AK57-AL57 -> 0 | AP57: =AN57-AO57 -> 0 | AS57: =AQ57-AR57 -> 0 | AV57: =AT57-AU57 -> 0 | AY57: =AW57-AX57 -> 0 | BB57: =AZ57-BA57 -> 0 | BE57: =BC57-BD57 -> 0 | BH57: =BF57-BG57 -> 0 | BJ57: =LEFT(C57,2) -> Xé | BK57: =ROUND(O57*G57*$B$6,-2) -> 0 | BL57: =ROUND(R57*G57*$B$6,-2) -> 0 | BM57: =ROUND(U57*G57*$B$6,-2) -> 0 | BN57: =ROUND(X57*G57*$B$6,-2) -> 0 | BO57: =ROUND(AA57*G57*$B$6,-2) -> 0 | BP57: =ROUND(AD57*G57*$B$6,-2) -> 0 | BQ57: =ROUND(AG57*G57*$B$6,-2) -> 0 | BR57: =ROUND(AJ57*G57*$B$6,-2) -> 0 | BS57: =ROUND(AM57*G57*$B$6,-2) -> 0 | BT57: =ROUND(AP57*G57*$B$6,-2) -> 0 | BU57: =ROUND(AS57*G57*$B$6,-2) -> 0 | BV57: =ROUND(AV57*G57*$B$6,-2) -> 0 | BW57: =ROUND(AY57*G57*$B$6,-2) -> 0 | BX57: =ROUND(BB57*G57*$B$6,-2) -> 0 | BY57: =ROUND(BE57*G57*$B$6,-2) -> 0 | BZ57: =ROUND(BH57*G57*$B$6,-2) -> 0 | CB57: =IF(SUM(I57:L57)<>0,"X") -> FALSE | CC57: =CC56 -> KT3. | CD57: =CC57&G57 -> KT3.13,1 | CE57: =LEFT(C57,2) -> Xé | CF57: =CC57&CE57 -> KT3.Xé
A58: =A56 -> #REF! | C58: Xén lò DVVT chợ N-10-2A | D58: Thép | G58: 13.1 | H58: 0.7 | I58: =V58+AH58+AT58+BF58 -> 0 | J58: =W58+AI58+AU58+BG58 -> 0 | K58: =X58+AJ58+AV58+BH58 -> 0 | L58: =BN58+BR58+BV58+BZ58 -> 0 | O58: =M58-N58 -> 0 | R58: =P58-Q58 -> 0 | U58: =S58-T58 -> 0 | V58: =M58+P58+S58 -> 0 | W58: =N58+Q58+T58 -> 0 | X58: =O58+R58+U58 -> 0 | AA58: =Y58-Z58 -> 0 | AD58: =AB58-AC58 -> 0 | AG58: =AE58-AF58 -> 0 | AH58: =Y58+AB58+AE58 -> 0 | AI58: =Z58+AC58+AF58 -> 0 | AJ58: =AA58+AD58+AG58 -> 0 | AM58: =AK58-AL58 -> 0 | AP58: =AN58-AO58 -> 0 | AS58: =AQ58-AR58 -> 0 | AV58: =AT58-AU58 -> 0 | AY58: =AW58-AX58 -> 0 | BB58: =AZ58-BA58 -> 0 | BE58: =BC58-BD58 -> 0 | BH58: =BF58-BG58 -> 0 | BJ58: =LEFT(C58,2) -> Xé | BK58: =ROUND(O58*G58*$B$6,-2) -> 0 | BL58: =ROUND(R58*G58*$B$6,-2) -> 0 | BM58: =ROUND(U58*G58*$B$6,-2) -> 0 | BN58: =ROUND(X58*G58*$B$6,-2) -> 0 | BO58: =ROUND(AA58*G58*$B$6,-2) -> 0 | BP58: =ROUND(AD58*G58*$B$6,-2) -> 0 | BQ58: =ROUND(AG58*G58*$B$6,-2) -> 0 | BR58: =ROUND(AJ58*G58*$B$6,-2) -> 0 | BS58: =ROUND(AM58*G58*$B$6,-2) -> 0 | BT58: =ROUND(AP58*G58*$B$6,-2) -> 0 | BU58: =ROUND(AS58*G58*$B$6,-2) -> 0 | BV58: =ROUND(AV58*G58*$B$6,-2) -> 0 | BW58: =ROUND(AY58*G58*$B$6,-2) -> 0 | BX58: =ROUND(BB58*G58*$B$6,-2) -> 0 | BY58: =ROUND(BE58*G58*$B$6,-2) -> 0 | BZ58: =ROUND(BH58*G58*$B$6,-2) -> 0 | CB58: =IF(SUM(I58:L58)<>0,"X") -> FALSE | CC58: =CC57 -> KT3. | CD58: =CC58&G58 -> KT3.13,1 | CE58: =LEFT(C58,2) -> Xé | CF58: =CC58&CE58 -> KT3.Xé
A59: =A57 -> #REF! | C59: Xén lò DVVT chợ N-10-2A | D59: Thép | G59: 11.2 | H59: 0.7 | I59: =V59+AH59+AT59+BF59 -> 75 | J59: =W59+AI59+AU59+BG59 -> 30 | K59: =X59+AJ59+AV59+BH59 -> 45 | L59: =BN59+BR59+BV59+BZ59 -> 100 | O59: =M59-N59 -> 0 | P59: 50 | Q59: 10 | R59: =P59-Q59 -> 40 | S59: 25 | T59: 20 | U59: =S59-T59 -> 5 | V59: =M59+P59+S59 -> 75 | W59: =N59+Q59+T59 -> 30 | X59: =O59+R59+U59 -> 45 | AA59: =Y59-Z59 -> 0 | AD59: =AB59-AC59 -> 0 | AG59: =AE59-AF59 -> 0 | AH59: =Y59+AB59+AE59 -> 0 | AI59: =Z59+AC59+AF59 -> 0 | AJ59: =AA59+AD59+AG59 -> 0 | AM59: =AK59-AL59 -> 0 | AP59: =AN59-AO59 -> 0 | AS59: =AQ59-AR59 -> 0 | AT59: =AK59+AN59+AQ59 -> 0 | AU59: =AL59+AO59+AR59 -> 0 | AV59: =AM59+AP59+AS59 -> 0 | AY59: =AW59-AX59 -> 0 | BB59: =AZ59-BA59 -> 0 | BE59: =BC59-BD59 -> 0 | BF59: =AW59+AZ59+BC59 -> 0 | BG59: =AX59+BA59+BD59 -> 0 | BH59: =AY59+BB59+BE59 -> 0 | BJ59: =LEFT(C59,2) -> Xé | BK59: =ROUND(O59*G59*$B$6,-2) -> 0 | BL59: =ROUND(R59*G59*$B$6,-2) -> 100 | BM59: =ROUND(U59*G59*$B$6,-2) -> 0 | BN59: =ROUND(X59*G59*$B$6,-2) -> 100 | BO59: =ROUND(AA59*G59*$B$6,-2) -> 0 | BP59: =ROUND(AD59*G59*$B$6,-2) -> 0 | BQ59: =ROUND(AG59*G59*$B$6,-2) -> 0 | BR59: =ROUND(AJ59*G59*$B$6,-2) -> 0 | BS59: =ROUND(AM59*G59*$B$6,-2) -> 0 | BT59: =ROUND(AP59*G59*$B$6,-2) -> 0 | BU59: =ROUND(AS59*G59*$B$6,-2) -> 0 | BV59: =ROUND(AV59*G59*$B$6,-2) -> 0 | BW59: =ROUND(AY59*G59*$B$6,-2) -> 0 | BX59: =ROUND(BB59*G59*$B$6,-2) -> 0 | BY59: =ROUND(BE59*G59*$B$6,-2) -> 0 | BZ59: =ROUND(BH59*G59*$B$6,-2) -> 0 | CB59: =IF(SUM(I59:L59)<>0,"X") -> X | CC59: =CC58 -> KT3. | CD59: =CC59&G59 -> KT3.11,2 | CE59: =LEFT(C59,2) -> Xé | CF59: =CC59&CE59 -> KT3.Xé
A60: =A58 -> #REF! | C60: Xén lò thượng TG -100/+38/V9-KN | D60: Thép | G60: 11.2 | H60: 0.7 | I60: =V60+AH60+AT60+BF60 -> 75 | J60: =W60+AI60+AU60+BG60 -> 35 | K60: =X60+AJ60+AV60+BH60 -> 40 | L60: =BN60+BR60+BV60+BZ60 -> 100 | O60: =M60-N60 -> 0 | R60: =P60-Q60 -> 0 | U60: =S60-T60 -> 0 | V60: =M60+P60+S60 -> 0 | W60: =N60+Q60+T60 -> 0 | X60: =O60+R60+U60 -> 0 | AA60: =Y60-Z60 -> 0 | AD60: =AB60-AC60 -> 0 | AE60: 15 | AF60: 10 | AG60: =AE60-AF60 -> 5 | AH60: =Y60+AB60+AE60 -> 15 | AI60: =Z60+AC60+AF60 -> 10 | AJ60: =AA60+AD60+AG60 -> 5 | AK60: 15 | AL60: 5 | AM60: =AK60-AL60 -> 10 | AP60: =AN60-AO60 -> 0 | AS60: =AQ60-AR60 -> 0 | AT60: =AK60+AN60+AQ60 -> 15 | AU60: =AL60+AO60+AR60 -> 5 | AV60: =AM60+AP60+AS60 -> 10 | AY60: =AW60-AX60 -> 0 | AZ60: 30 | BA60: 5 | BB60: =AZ60-BA60 -> 25 | BC60: 15 | BD60: 15 | BE60: =BC60-BD60 -> 0 | BF60: =AW60+AZ60+BC60 -> 45 | BG60: =AX60+BA60+BD60 -> 20 | BH60: =AY60+BB60+BE60 -> 25 | BJ60: =LEFT(C60,2) -> Xé | BK60: =ROUND(O60*G60*$B$6,-2) -> 0 | BL60: =ROUND(R60*G60*$B$6,-2) -> 0 | BM60: =ROUND(U60*G60*$B$6,-2) -> 0 | BN60: =ROUND(X60*G60*$B$6,-2) -> 0 | BO60: =ROUND(AA60*G60*$B$6,-2) -> 0 | BP60: =ROUND(AD60*G60*$B$6,-2) -> 0 | BQ60: =ROUND(AG60*G60*$B$6,-2) -> 0 | BR60: =ROUND(AJ60*G60*$B$6,-2) -> 0 | BS60: =ROUND(AM60*G60*$B$6,-2) -> 0 | BT60: =ROUND(AP60*G60*$B$6,-2) -> 0 | BU60: =ROUND(AS60*G60*$B$6,-2) -> 0 | BV60: =ROUND(AV60*G60*$B$6,-2) -> 0 | BW60: =ROUND(AY60*G60*$B$6,-2) -> 0 | BX60: =ROUND(BB60*G60*$B$6,-2) -> 100 | BY60: =ROUND(BE60*G60*$B$6,-2) -> 0 | BZ60: =ROUND(BH60*G60*$B$6,-2) -> 100 | CB60: =IF(SUM(I60:L60)<>0,"X") -> X | CC60: =CC59 -> KT3. | CD60: =CC60&G60 -> KT3.11,2 | CE60: =LEFT(C60,2) -> Xé | CF60: =CC60&CE60 -> KT3.Xé
A61: =#REF! -> #REF! | B61: 4 | C61: PX KT8 | I61: =SUM(I62:I75)/2 -> 552 | J61: =SUM(J62:J75)/2 -> 155 | K61: =SUM(K62:K75)/2 -> 397 | L61: =SUM(L62:L75)/2 -> 2100 | M61: =SUM(M62:M75)/2 -> 88 | N61: =SUM(N62:N75)/2 -> 20 | O61: =SUM(O62:O75)/2 -> 68 | P61: =SUM(P62:P75)/2 -> 48 | ... BH61: =SUM(BH62:BH75)/2 -> 40 | BJ61: =LEFT(C61,2) -> PX | BK61: =SUM(BK62:BK75)/2 -> 300 | BL61: =SUM(BL62:BL75)/2 -> 200 | BM61: =SUM(BM62:BM75)/2 -> 500 | BN61: =SUM(BN62:BN75)/2 -> 1000 | BO61: =SUM(BO62:BO75)/2 -> 300 | BP61: =SUM(BP62:BP75)/2 -> 400 | BQ61: =SUM(BQ62:BQ75)/2 -> 200 | BR61: =SUM(BR62:BR75)/2 -> 900 | ... BZ61: =SUM(BZ62:BZ75)/2 -> 100 | CB61: =IF(SUM(I61:L61)<>0,"X") -> X | CC61: KT8. | CD61: =CC61&G61 -> KT8. | CE61: =LEFT(C61,2) -> PX | CF61: =CC61&CE61 -> KT8.PX
A62: =#REF! -> #REF! | B62: a | C62: ĐL CBSX | I62: =SUM(I63:I71) -> 242 | J62: =SUM(J63:J71) -> 35 | K62: =SUM(K63:K71) -> 207 | L62: =SUM(L63:L71) -> 1600 | M62: =SUM(M63:M71) -> 38 | N62: =SUM(N63:N71) -> 0 | O62: =SUM(O63:O71) -> 38 | P62: =SUM(P63:P71) -> 18 | ... BH62: =SUM(BH63:BH71) -> 0 | BJ62: =LEFT(C62,2) -> ĐL | BK62: =SUM(BK63:BK71) -> 200 | BL62: =SUM(BL63:BL71) -> 200 | BM62: =SUM(BM63:BM71) -> 500 | BN62: =SUM(BN63:BN71) -> 900 | BO62: =SUM(BO63:BO71) -> 100 | BP62: =SUM(BP63:BP71) -> 400 | BQ62: =SUM(BQ63:BQ71) -> 200 | BR62: =SUM(BR63:BR71) -> 700 | ... BZ62: =SUM(BZ63:BZ71) -> 0 | CA62: =I62-V62-AH62-AT62-BF62 -> 0 | CB62: =IF(SUM(I62:L62)<>0,"X") -> X | CC62: =CC61 -> KT8. | CD62: =CC62&G62 -> KT8. | CE62: =LEFT(C62,2) -> ĐL | CF62: =CC62&CE62 -> KT8.ĐL
A63: =A62 -> #REF! | C63: Lò DVPT chợ N-6-8B | D63: Thép | G63: 8.5 | H63: 0.7 | I63: =V63+AH63+AT63+BF63 -> 100 | J63: =W63+AI63+AU63+BG63 -> 25 | K63: =X63+AJ63+AV63+BH63 -> 75 | L63: =BN63+BR63+BV63+BZ63 -> 800 | O63: =M63-N63 -> 0 | P63: 18 | Q63: 0 | R63: =P63-Q63 -> 18 | S63: 62 | T63: 15 | U63: =S63-T63 -> 47 | V63: =M63+P63+S63 -> 80 | W63: =N63+Q63+T63 -> 15 | X63: =O63+R63+U63 -> 65 | Y63: 20 | Z63: 10 | AA63: =Y63-Z63 -> 10 | AD63: =AB63-AC63 -> 0 | AG63: =AE63-AF63 -> 0 | AH63: =Y63+AB63+AE63 -> 20 | AI63: =Z63+AC63+AF63 -> 10 | AJ63: =AA63+AD63+AG63 -> 10 | AM63: =AK63-AL63 -> 0 | AP63: =AN63-AO63 -> 0 | AS63: =AQ63-AR63 -> 0 | AT63: =AK63+AN63+AQ63 -> 0 | AU63: =AL63+AO63+AR63 -> 0 | AV63: =AM63+AP63+AS63 -> 0 | AY63: =AW63-AX63 -> 0 | BB63: =AZ63-BA63 -> 0 | BE63: =BC63-BD63 -> 0 | BF63: =AW63+AZ63+BC63 -> 0 | BG63: =AX63+BA63+BD63 -> 0 | BH63: =AY63+BB63+BE63 -> 0 | BJ63: =LEFT(C63,2) -> Lò | BK63: =ROUND(O63*G63*$C$3*$B$5,-2) -> 0 | BL63: =ROUND(R63*G63*$C$3*$B$5,-2) -> 200 | BM63: =ROUND(U63*G63*$C$3*$B$5,-2) -> 500 | BN63: =ROUND(X63*G63*$C$3*$B$5,-2) -> 700 | BO63: =ROUND(AA63*G63*$C$3*$B$5,-2) -> 100 | BP63: =ROUND(AD63*G63*$C$3*$B$5,-2) -> 0 | BQ63: =ROUND(AG63*G63*$C$3*$B$5,-2) -> 0 | BR63: =ROUND(AJ63*G63*$B$5*$C$3,-2) -> 100 | BS63: =ROUND(AM63*G63*$C$3*$B$5,-2) -> 0 | BT63: =ROUND(AP63*G63*$C$3*$B$5,-2) -> 0 | BU63: =ROUND(AS63*G63*$C$3*$B$5,-2) -> 0 | BV63: =ROUND(AV63*G63*$C$3*$B$5,-2) -> 0 | BW63: =ROUND(AY63*G63*$C$3*$B$5,-2) -> 0 | BX63: =ROUND(BB63*G63*$C$3*$B$5,-2) -> 0 | BY63: =ROUND(BE63*G63*$C$3*$B$5,-2) -> 0 | BZ63: =ROUND(BH63*G63*$C$3*$B$5,-2) -> 0 | CB63: =IF(SUM(I63:L63)<>0,"X") -> X | CC63: =CC62 -> KT8. | CD63: =CC63&G63 -> KT8.8,5 | CE63: =LEFT(C63,2) -> Lò | CF63: =CC63&CE63 -> KT8.Lò
A64: =A63 -> #REF! | C64: Lò SSC+PRT chợ N-6-11.2 | D64: Thép | G64: 9.5 | H64: 0.7 | I64: =V64+AH64+AT64+BF64 -> 0 | J64: =W64+AI64+AU64+BG64 -> 0 | K64: =X64+AJ64+AV64+BH64 -> 0 | L64: =BN64+BR64+BV64+BZ64 -> 0 | O64: =M64-N64 -> 0 | R64: =P64-Q64 -> 0 | U64: =S64-T64 -> 0 | V64: =M64+P64+S64 -> 0 | W64: =N64+Q64+T64 -> 0 | X64: =O64+R64+U64 -> 0 | AA64: =Y64-Z64 -> 0 | AD64: =AB64-AC64 -> 0 | AG64: =AE64-AF64 -> 0 | AH64: =Y64+AB64+AE64 -> 0 | AI64: =Z64+AC64+AF64 -> 0 | AJ64: =AA64+AD64+AG64 -> 0 | AM64: =AK64-AL64 -> 0 | AP64: =AN64-AO64 -> 0 | AS64: =AQ64-AR64 -> 0 | AT64: =AK64+AN64+AQ64 -> 0 | AU64: =AL64+AO64+AR64 -> 0 | AV64: =AM64+AP64+AS64 -> 0 | AY64: =AW64-AX64 -> 0 | BB64: =AZ64-BA64 -> 0 | BE64: =BC64-BD64 -> 0 | BF64: =AW64+AZ64+BC64 -> 0 | BG64: =AX64+BA64+BD64 -> 0 | BH64: =AY64+BB64+BE64 -> 0 | BJ64: =LEFT(C64,2) -> Lò | BK64: =ROUND(O64*G64*$C$3*$B$5,-2) -> 0 | BL64: =ROUND(R64*G64*$C$3*$B$5,-2) -> 0 | BM64: =ROUND(U64*G64*$C$3*$B$5,-2) -> 0 | BN64: =ROUND(X64*G64*$C$3*$B$5,-2) -> 0 | BO64: =ROUND(AA64*G64*$C$3*$B$5,-2) -> 0 | BP64: =ROUND(AD64*G64*$C$3*$B$5,-2) -> 0 | BQ64: =ROUND(AG64*G64*$C$3*$B$5,-2) -> 0 | BR64: =ROUND(AJ64*G64*$B$5*$C$3,-2) -> 0 | BS64: =ROUND(AM64*G64*$C$3*$B$5,-2) -> 0 | BT64: =ROUND(AP64*G64*$C$3*$B$5,-2) -> 0 | BU64: =ROUND(AS64*G64*$C$3*$B$5,-2) -> 0 | BV64: =ROUND(AV64*G64*$C$3*$B$5,-2) -> 0 | BW64: =ROUND(AY64*G64*$C$3*$B$5,-2) -> 0 | BX64: =ROUND(BB64*G64*$C$3*$B$5,-2) -> 0 | BY64: =ROUND(BE64*G64*$C$3*$B$5,-2) -> 0 | BZ64: =ROUND(BH64*G64*$C$3*$B$5,-2) -> 0 | CB64: =IF(SUM(I64:L64)<>0,"X") -> FALSE | CC64: =CC63 -> KT8. | CD64: =CC64&G64 -> KT8.9,5 | CE64: =LEFT(C64,2) -> Lò | CF64: =CC64&CE64 -> KT8.Lò
A65: =A64 -> #REF! | C65: Lò TKĐ chợ N-6-11.2 | D65: Thép | G65: 8.5 | H65: 0.7 | I65: =V65+AH65+AT65+BF65 -> 0 | J65: =W65+AI65+AU65+BG65 -> 0 | K65: =X65+AJ65+AV65+BH65 -> 0 | L65: =BN65+BR65+BV65+BZ65 -> 0 | O65: =M65-N65 -> 0 | R65: =P65-Q65 -> 0 | U65: =S65-T65 -> 0 | V65: =M65+P65+S65 -> 0 | W65: =N65+Q65+T65 -> 0 | X65: =O65+R65+U65 -> 0 | AA65: =Y65-Z65 -> 0 | AD65: =AB65-AC65 -> 0 | AG65: =AE65-AF65 -> 0 | AH65: =Y65+AB65+AE65 -> 0 | AI65: =Z65+AC65+AF65 -> 0 | AJ65: =AA65+AD65+AG65 -> 0 | AM65: =AK65-AL65 -> 0 | AP65: =AN65-AO65 -> 0 | AS65: =AQ65-AR65 -> 0 | AT65: =AK65+AN65+AQ65 -> 0 | AU65: =AL65+AO65+AR65 -> 0 | AV65: =AM65+AP65+AS65 -> 0 | AY65: =AW65-AX65 -> 0 | BB65: =AZ65-BA65 -> 0 | BE65: =BC65-BD65 -> 0 | BF65: =AW65+AZ65+BC65 -> 0 | BG65: =AX65+BA65+BD65 -> 0 | BH65: =AY65+BB65+BE65 -> 0 | BJ65: =LEFT(C65,2) -> Lò | BK65: =ROUND(O65*G65*$C$3*$B$5,-2) -> 0 | BL65: =ROUND(R65*G65*$C$3*$B$5,-2) -> 0 | BM65: =ROUND(U65*G65*$C$3*$B$5,-2) -> 0 | BN65: =ROUND(X65*G65*$C$3*$B$5,-2) -> 0 | BO65: =ROUND(AA65*G65*$C$3*$B$5,-2) -> 0 | BP65: =ROUND(AD65*G65*$C$3*$B$5,-2) -> 0 | BQ65: =ROUND(AG65*G65*$C$3*$B$5,-2) -> 0 | BR65: =ROUND(AJ65*G65*$B$5*$C$3,-2) -> 0 | BS65: =ROUND(AM65*G65*$C$3*$B$5,-2) -> 0 | BT65: =ROUND(AP65*G65*$C$3*$B$5,-2) -> 0 | BU65: =ROUND(AS65*G65*$C$3*$B$5,-2) -> 0 | BV65: =ROUND(AV65*G65*$C$3*$B$5,-2) -> 0 | BW65: =ROUND(AY65*G65*$C$3*$B$5,-2) -> 0 | BX65: =ROUND(BB65*G65*$C$3*$B$5,-2) -> 0 | BY65: =ROUND(BE65*G65*$C$3*$B$5,-2) -> 0 | BZ65: =ROUND(BH65*G65*$C$3*$B$5,-2) -> 0 | CB65: =IF(SUM(I65:L65)<>0,"X") -> FALSE | CC65: =CC64 -> KT8. | CD65: =CC65&G65 -> KT8.8,5 | CE65: =LEFT(C65,2) -> Lò | CF65: =CC65&CE65 -> KT8.Lò
A66: =A63 -> #REF! | C66: Lò nối +TVPH chợ N-6-11.2 | D66: Gỗ | G66: 5.4 | H66: 0.7 | I66: =V66+AH66+AT66+BF66 -> 63 | J66: =W66+AI66+AU66+BG66 -> 5 | K66: =X66+AJ66+AV66+BH66 -> 58 | L66: =BN66+BR66+BV66+BZ66 -> 400 | O66: =M66-N66 -> 0 | R66: =P66-Q66 -> 0 | U66: =S66-T66 -> 0 | V66: =M66+P66+S66 -> 0 | W66: =N66+Q66+T66 -> 0 | X66: =O66+R66+U66 -> 0 | AA66: =Y66-Z66 -> 0 | AB66: 63 | AC66: 5 | AD66: =AB66-AC66 -> 58 | AG66: =AE66-AF66 -> 0 | AH66: =Y66+AB66+AE66 -> 63 | AI66: =Z66+AC66+AF66 -> 5 | AJ66: =AA66+AD66+AG66 -> 58 | AM66: =AK66-AL66 -> 0 | AP66: =AN66-AO66 -> 0 | AS66: =AQ66-AR66 -> 0 | AT66: =AK66+AN66+AQ66 -> 0 | AU66: =AL66+AO66+AR66 -> 0 | AV66: =AM66+AP66+AS66 -> 0 | AY66: =AW66-AX66 -> 0 | BB66: =AZ66-BA66 -> 0 | BE66: =BC66-BD66 -> 0 | BF66: =AW66+AZ66+BC66 -> 0 | BG66: =AX66+BA66+BD66 -> 0 | BH66: =AY66+BB66+BE66 -> 0 | BJ66: =LEFT(C66,2) -> Lò | BK66: =ROUND(O66*G66*$C$3*$B$5,-2) -> 0 | BL66: =ROUND(R66*G66*$C$3*$B$5,-2) -> 0 | BM66: =ROUND(U66*G66*$C$3*$B$5,-2) -> 0 | BN66: =ROUND(X66*G66*$C$3*$B$5,-2) -> 0 | BO66: =ROUND(AA66*G66*$C$3*$B$5,-2) -> 0 | BP66: =ROUND(AD66*G66*$C$3*$B$5,-2) -> 400 | BQ66: =ROUND(AG66*G66*$C$3*$B$5,-2) -> 0 | BR66: =ROUND(AJ66*G66*$B$5*$C$3,-2) -> 400 | BS66: =ROUND(AM66*G66*$C$3*$B$5,-2) -> 0 | BT66: =ROUND(AP66*G66*$C$3*$B$5,-2) -> 0 | BU66: =ROUND(AS66*G66*$C$3*$B$5,-2) -> 0 | BV66: =ROUND(AV66*G66*$C$3*$B$5,-2) -> 0 | BW66: =ROUND(AY66*G66*$C$3*$B$5,-2) -> 0 | BX66: =ROUND(BB66*G66*$C$3*$B$5,-2) -> 0 | BY66: =ROUND(BE66*G66*$C$3*$B$5,-2) -> 0 | BZ66: =ROUND(BH66*G66*$C$3*$B$5,-2) -> 0 | CB66: =IF(SUM(I66:L66)<>0,"X") -> X | CC66: =CC63 -> KT8. | CD66: =CC66&G66 -> KT8.5,4 | CE66: =LEFT(C66,2) -> Lò | CF66: =CC66&CE66 -> KT8.Lò
A67: =A66 -> #REF! | C67: Lò nối +TVPH chợ ĐB-14-4/V14-KĐB | D67: Gỗ | G67: 5.4 | H67: 0.7 | I67: =V67+AH67+AT67+BF67 -> 41 | J67: =W67+AI67+AU67+BG67 -> 5 | K67: =X67+AJ67+AV67+BH67 -> 36 | L67: =BN67+BR67+BV67+BZ67 -> 200 | O67: =M67-N67 -> 0 | R67: =P67-Q67 -> 0 | U67: =S67-T67 -> 0 | V67: =M67+P67+S67 -> 0 | W67: =N67+Q67+T67 -> 0 | X67: =O67+R67+U67 -> 0 | AA67: =Y67-Z67 -> 0 | AD67: =AB67-AC67 -> 0 | AE67: 41 | AF67: 5 | AG67: =AE67-AF67 -> 36 | AH67: =Y67+AB67+AE67 -> 41 | AI67: =Z67+AC67+AF67 -> 5 | AJ67: =AA67+AD67+AG67 -> 36 | AM67: =AK67-AL67 -> 0 | AP67: =AN67-AO67 -> 0 | AS67: =AQ67-AR67 -> 0 | AT67: =AK67+AN67+AQ67 -> 0 | AU67: =AL67+AO67+AR67 -> 0 | AV67: =AM67+AP67+AS67 -> 0 | AY67: =AW67-AX67 -> 0 | BB67: =AZ67-BA67 -> 0 | BE67: =BC67-BD67 -> 0 | BF67: =AW67+AZ67+BC67 -> 0 | BG67: =AX67+BA67+BD67 -> 0 | BH67: =AY67+BB67+BE67 -> 0 | BJ67: =LEFT(C67,2) -> Lò | BK67: =ROUND(O67*G67*$C$3*$B$5,-2) -> 0 | BL67: =ROUND(R67*G67*$C$3*$B$5,-2) -> 0 | BM67: =ROUND(U67*G67*$C$3*$B$5,-2) -> 0 | BN67: =ROUND(X67*G67*$C$3*$B$5,-2) -> 0 | BO67: =ROUND(AA67*G67*$C$3*$B$5,-2) -> 0 | BP67: =ROUND(AD67*G67*$C$3*$B$5,-2) -> 0 | BQ67: =ROUND(AG67*G67*$C$3*$B$5,-2) -> 200 | BR67: =ROUND(AJ67*G67*$B$5*$C$3,-2) -> 200 | BS67: =ROUND(AM67*G67*$C$3*$B$5,-2) -> 0 | BT67: =ROUND(AP67*G67*$C$3*$B$5,-2) -> 0 | BU67: =ROUND(AS67*G67*$C$3*$B$5,-2) -> 0 | BV67: =ROUND(AV67*G67*$C$3*$B$5,-2) -> 0 | BW67: =ROUND(AY67*G67*$C$3*$B$5,-2) -> 0 | BX67: =ROUND(BB67*G67*$C$3*$B$5,-2) -> 0 | BY67: =ROUND(BE67*G67*$C$3*$B$5,-2) -> 0 | BZ67: =ROUND(BH67*G67*$C$3*$B$5,-2) -> 0 | CB67: =IF(SUM(I67:L67)<>0,"X") -> X | CC67: =CC66 -> KT8. | CD67: =CC67&G67 -> KT8.5,4 | CE67: =LEFT(C67,2) -> Lò | CF67: =CC67&CE67 -> KT8.Lò
A68: =A67 -> #REF! | C68: Lò DVTG chợ N-6-10.1 | D68: Thép | G68: 11.2 | H68: 0.7 | I68: =V68+AH68+AT68+BF68 -> 0 | J68: =W68+AI68+AU68+BG68 -> 0 | K68: =X68+AJ68+AV68+BH68 -> 0 | L68: =BN68+BR68+BV68+BZ68 -> 0 | O68: =M68-N68 -> 0 | R68: =P68-Q68 -> 0 | U68: =S68-T68 -> 0 | V68: =M68+P68+S68 -> 0 | W68: =N68+Q68+T68 -> 0 | X68: =O68+R68+U68 -> 0 | AA68: =Y68-Z68 -> 0 | AD68: =AB68-AC68 -> 0 | AG68: =AE68-AF68 -> 0 | AH68: =Y68+AB68+AE68 -> 0 | AI68: =Z68+AC68+AF68 -> 0 | AJ68: =AA68+AD68+AG68 -> 0 | AM68: =AK68-AL68 -> 0 | AP68: =AN68-AO68 -> 0 | AS68: =AQ68-AR68 -> 0 | AT68: =AK68+AN68+AQ68 -> 0 | AU68: =AL68+AO68+AR68 -> 0 | AV68: =AM68+AP68+AS68 -> 0 | AY68: =AW68-AX68 -> 0 | BB68: =AZ68-BA68 -> 0 | BE68: =BC68-BD68 -> 0 | BF68: =AW68+AZ68+BC68 -> 0 | BG68: =AX68+BA68+BD68 -> 0 | BH68: =AY68+BB68+BE68 -> 0 | BJ68: =LEFT(C68,2) -> Lò | BK68: =ROUND(O68*G68*$C$3*$B$5,-2) -> 0 | BL68: =ROUND(R68*G68*$C$3*$B$5,-2) -> 0 | BM68: =ROUND(U68*G68*$C$3*$B$5,-2) -> 0 | BN68: =ROUND(X68*G68*$C$3*$B$5,-2) -> 0 | BO68: =ROUND(AA68*G68*$C$3*$B$5,-2) -> 0 | BP68: =ROUND(AD68*G68*$C$3*$B$5,-2) -> 0 | BQ68: =ROUND(AG68*G68*$C$3*$B$5,-2) -> 0 | BR68: =ROUND(AJ68*G68*$B$5*$C$3,-2) -> 0 | BS68: =ROUND(AM68*G68*$C$3*$B$5,-2) -> 0 | BT68: =ROUND(AP68*G68*$C$3*$B$5,-2) -> 0 | BU68: =ROUND(AS68*G68*$C$3*$B$5,-2) -> 0 | BV68: =ROUND(AV68*G68*$C$3*$B$5,-2) -> 0 | BW68: =ROUND(AY68*G68*$C$3*$B$5,-2) -> 0 | BX68: =ROUND(BB68*G68*$C$3*$B$5,-2) -> 0 | BY68: =ROUND(BE68*G68*$C$3*$B$5,-2) -> 0 | BZ68: =ROUND(BH68*G68*$C$3*$B$5,-2) -> 0 | CB68: =IF(SUM(I68:L68)<>0,"X") -> FALSE | CC68: =CC67 -> KT8. | CD68: =CC68&G68 -> KT8.11,2 | CE68: =LEFT(C68,2) -> Lò | CF68: =CC68&CE68 -> KT8.Lò
A69: =A66 -> #REF! | C69: Lò nối +TVPH chợ N-6-11.1 | D69: Gỗ | G69: 5.4 | H69: 0.7 | I69: =V69+AH69+AT69+BF69 -> 38 | J69: =W69+AI69+AU69+BG69 -> 0 | K69: =X69+AJ69+AV69+BH69 -> 38 | L69: =BN69+BR69+BV69+BZ69 -> 200 | M69: 38 | O69: =M69-N69 -> 38 | R69: =P69-Q69 -> 0 | U69: =S69-T69 -> 0 | V69: =M69+P69+S69 -> 38 | W69: =N69+Q69+T69 -> 0 | X69: =O69+R69+U69 -> 38 | AA69: =Y69-Z69 -> 0 | AD69: =AB69-AC69 -> 0 | AG69: =AE69-AF69 -> 0 | AH69: =Y69+AB69+AE69 -> 0 | AI69: =Z69+AC69+AF69 -> 0 | AJ69: =AA69+AD69+AG69 -> 0 | AM69: =AK69-AL69 -> 0 | AP69: =AN69-AO69 -> 0 | AS69: =AQ69-AR69 -> 0 | AT69: =AK69+AN69+AQ69 -> 0 | AU69: =AL69+AO69+AR69 -> 0 | AV69: =AM69+AP69+AS69 -> 0 | AY69: =AW69-AX69 -> 0 | BB69: =AZ69-BA69 -> 0 | BE69: =BC69-BD69 -> 0 | BH69: =BF69-BG69 -> 0 | BJ69: =LEFT(C69,2) -> Lò | BK69: =ROUND(O69*G69*$C$3*$B$5,-2) -> 200 | BL69: =ROUND(R69*G69*$C$3*$B$5,-2) -> 0 | BM69: =ROUND(U69*G69*$C$3*$B$5,-2) -> 0 | BN69: =ROUND(X69*G69*$C$3*$B$5,-2) -> 200 | BO69: =ROUND(AA69*G69*$C$3*$B$5,-2) -> 0 | BP69: =ROUND(AD69*G69*$C$3*$B$5,-2) -> 0 | BQ69: =ROUND(AG69*G69*$C$3*$B$5,-2) -> 0 | BR69: =ROUND(AJ69*G69*$B$5*$C$3,-2) -> 0 | BS69: =ROUND(AM69*G69*$C$3*$B$5,-2) -> 0 | BT69: =ROUND(AP69*G69*$C$3*$B$5,-2) -> 0 | BU69: =ROUND(AS69*G69*$C$3*$B$5,-2) -> 0 | BV69: =ROUND(AV69*G69*$C$3*$B$5,-2) -> 0 | BW69: =ROUND(AY69*G69*$C$3*$B$5,-2) -> 0 | BX69: =ROUND(BB69*G69*$C$3*$B$5,-2) -> 0 | BY69: =ROUND(BE69*G69*$C$3*$B$5,-2) -> 0 | BZ69: =ROUND(BH69*G69*$C$3*$B$5,-2) -> 0 | CB69: =IF(SUM(I69:L69)<>0,"X") -> X | CC69: =CC66 -> KT8. | CD69: =CC69&G69 -> KT8.5,4 | CE69: =LEFT(C69,2) -> Lò | CF69: =CC69&CE69 -> KT8.Lò
A70: =A68 -> #REF! | C70: Lò SS trung gian chợ N-6-10.1 | D70: Thép | G70: 9.5 | H70: 0.7 | I70: =V70+AH70+AT70+BF70 -> 0 | J70: =W70+AI70+AU70+BG70 -> 0 | K70: =X70+AJ70+AV70+BH70 -> 0 | L70: =BN70+BR70+BV70+BZ70 -> 0 | O70: =M70-N70 -> 0 | R70: =P70-Q70 -> 0 | U70: =S70-T70 -> 0 | V70: =M70+P70+S70 -> 0 | W70: =N70+Q70+T70 -> 0 | X70: =O70+R70+U70 -> 0 | AA70: =Y70-Z70 -> 0 | AD70: =AB70-AC70 -> 0 | AG70: =AE70-AF70 -> 0 | AH70: =Y70+AB70+AE70 -> 0 | AI70: =Z70+AC70+AF70 -> 0 | AJ70: =AA70+AD70+AG70 -> 0 | AM70: =AK70-AL70 -> 0 | AP70: =AN70-AO70 -> 0 | AS70: =AQ70-AR70 -> 0 | AT70: =AK70+AN70+AQ70 -> 0 | AU70: =AL70+AO70+AR70 -> 0 | AV70: =AM70+AP70+AS70 -> 0 | AY70: =AW70-AX70 -> 0 | BB70: =AZ70-BA70 -> 0 | BE70: =BC70-BD70 -> 0 | BH70: =BF70-BG70 -> 0 | BJ70: =LEFT(C70,2) -> Lò | BK70: =ROUND(O70*G70*$C$3*$B$5,-2) -> 0 | BL70: =ROUND(R70*G70*$C$3*$B$5,-2) -> 0 | BM70: =ROUND(U70*G70*$C$3*$B$5,-2) -> 0 | BN70: =ROUND(X70*G70*$C$3*$B$5,-2) -> 0 | BO70: =ROUND(AA70*G70*$C$3*$B$5,-2) -> 0 | BP70: =ROUND(AD70*G70*$C$3*$B$5,-2) -> 0 | BQ70: =ROUND(AG70*G70*$C$3*$B$5,-2) -> 0 | BR70: =ROUND(AJ70*G70*$B$5*$C$3,-2) -> 0 | BS70: =ROUND(AM70*G70*$C$3*$B$5,-2) -> 0 | BT70: =ROUND(AP70*G70*$C$3*$B$5,-2) -> 0 | BU70: =ROUND(AS70*G70*$C$3*$B$5,-2) -> 0 | BV70: =ROUND(AV70*G70*$C$3*$B$5,-2) -> 0 | BW70: =ROUND(AY70*G70*$C$3*$B$5,-2) -> 0 | BX70: =ROUND(BB70*G70*$C$3*$B$5,-2) -> 0 | BY70: =ROUND(BE70*G70*$C$3*$B$5,-2) -> 0 | BZ70: =ROUND(BH70*G70*$C$3*$B$5,-2) -> 0 | CB70: =IF(SUM(I70:L70)<>0,"X") -> FALSE | CC70: =CC68 -> KT8. | CD70: =CC70&G70 -> KT8.9,5 | CE70: =LEFT(C70,2) -> Lò | CF70: =CC70&CE70 -> KT8.Lò
A71: =A69 -> #REF! | C71: Lò | D71: Thép | G71: 11.2 | H71: 0.7 | I71: =V71+AH71+AT71+BF71 -> 0 | J71: =W71+AI71+AU71+BG71 -> 0 | K71: =X71+AJ71+AV71+BH71 -> 0 | L71: =BN71+BR71+BV71+BZ71 -> 0 | O71: =M71-N71 -> 0 | R71: =P71-Q71 -> 0 | U71: =S71-T71 -> 0 | V71: =M71+P71+S71 -> 0 | W71: =N71+Q71+T71 -> 0 | X71: =O71+R71+U71 -> 0 | AA71: =Y71-Z71 -> 0 | AD71: =AB71-AC71 -> 0 | AG71: =AE71-AF71 -> 0 | AH71: =Y71+AB71+AE71 -> 0 | AI71: =Z71+AC71+AF71 -> 0 | AJ71: =AA71+AD71+AG71 -> 0 | AM71: =AK71-AL71 -> 0 | AP71: =AN71-AO71 -> 0 | AS71: =AQ71-AR71 -> 0 | AT71: =AK71+AN71+AQ71 -> 0 | AU71: =AL71+AO71+AR71 -> 0 | AV71: =AM71+AP71+AS71 -> 0 | AY71: =AW71-AX71 -> 0 | BB71: =AZ71-BA71 -> 0 | BE71: =BC71-BD71 -> 0 | BF71: =AW71+AZ71+BC71 -> 0 | BG71: =AX71+BA71+BD71 -> 0 | BH71: =AY71+BB71+BE71 -> 0 | BJ71: =LEFT(C71,2) -> Lò | BK71: =ROUND(O71*G71*$C$3*$B$5,-2) -> 0 | BL71: =ROUND(R71*G71*$C$3*$B$5,-2) -> 0 | BM71: =ROUND(U71*G71*$C$3*$B$5,-2) -> 0 | BN71: =ROUND(X71*G71*$C$3*$B$5,-2) -> 0 | BO71: =ROUND(AA71*G71*$C$3*$B$5,-2) -> 0 | BP71: =ROUND(AD71*G71*$C$3*$B$5,-2) -> 0 | BQ71: =ROUND(AG71*G71*$C$3*$B$5,-2) -> 0 | BR71: =ROUND(AJ71*G71*$B$5*$C$3,-2) -> 0 | BS71: =ROUND(AM71*G71*$C$3*$B$5,-2) -> 0 | BT71: =ROUND(AP71*G71*$C$3*$B$5,-2) -> 0 | BU71: =ROUND(AS71*G71*$C$3*$B$5,-2) -> 0 | BV71: =ROUND(AV71*G71*$C$3*$B$5,-2) -> 0 | BW71: =ROUND(AY71*G71*$C$3*$B$5,-2) -> 0 | BX71: =ROUND(BB71*G71*$C$3*$B$5,-2) -> 0 | BY71: =ROUND(BE71*G71*$C$3*$B$5,-2) -> 0 | BZ71: =ROUND(BH71*G71*$C$3*$B$5,-2) -> 0 | CB71: =IF(SUM(I71:L71)<>0,"X") -> FALSE | CC71: =CC69 -> KT8. | CD71: =CC71&G71 -> KT8.11,2 | CE71: =LEFT(C71,2) -> Lò | CF71: =CC71&CE71 -> KT8.Lò
A72: =A71 -> #REF! | B72: b | C72: XL CBSX | I72: =SUM(I73:I75) -> 310 | J72: =SUM(J73:J75) -> 120 | K72: =SUM(K73:K75) -> 190 | L72: =SUM(L73:L75) -> 500 | M72: =SUM(M73:M75) -> 50 | N72: =SUM(N73:N75) -> 20 | O72: =SUM(O73:O75) -> 30 | P72: =SUM(P73:P75) -> 30 | ... BH72: =SUM(BH73:BH75) -> 40 | BJ72: =LEFT(C72,2) -> XL | BK72: =SUM(BK73:BK75) -> 100 | BL72: =SUM(BL73:BL75) -> 0 | BM72: =SUM(BM73:BM75) -> 0 | BN72: =SUM(BN73:BN75) -> 100 | BO72: =SUM(BO73:BO75) -> 200 | BP72: =SUM(BP73:BP75) -> 0 | BQ72: =SUM(BQ73:BQ75) -> 0 | BR72: =SUM(BR73:BR75) -> 200 | ... BZ72: =SUM(BZ73:BZ75) -> 100 | CB72: =IF(SUM(I72:L72)<>0,"X") -> X | CC72: =CC71 -> KT8. | CD72: =CC72&G72 -> KT8. | CE72: =LEFT(C72,2) -> XL | CF72: =CC72&CE72 -> KT8.XL
A73: =A72 -> #REF! | C73: Xén lò thượng thông gió -100/+38V6KN | D73: Thép | G73: 11.2 | H73: 0.7 | I73: =V73+AH73+AT73+BF73 -> 210 | J73: =W73+AI73+AU73+BG73 -> 80 | K73: =X73+AJ73+AV73+BH73 -> 130 | L73: =BN73+BR73+BV73+BZ73 -> 300 | M73: 50 | N73: 20 | O73: =M73-N73 -> 30 | P73: 30 | Q73: 20 | R73: =P73-Q73 -> 10 | S73: =T73+U73 -> 20 | T73: 20 | V73: =M73+P73+S73 -> 100 | W73: =N73+Q73+T73 -> 60 | X73: =O73+R73+U73 -> 40 | Y73: 50 | AA73: =Y73-Z73 -> 50 | AD73: =AB73-AC73 -> 0 | AG73: =AE73-AF73 -> 0 | AH73: =Y73+AB73+AE73 -> 50 | AI73: =Z73+AC73+AF73 -> 0 | AJ73: =AA73+AD73+AG73 -> 50 | AM73: =AK73-AL73 -> 0 | AP73: =AN73-AO73 -> 0 | AS73: =AQ73-AR73 -> 0 | AT73: =AK73+AN73+AQ73 -> 0 | AU73: =AL73+AO73+AR73 -> 0 | AV73: =AM73+AP73+AS73 -> 0 | AW73: 20 | AX73: 10 | AY73: =AW73-AX73 -> 10 | AZ73: 20 | BA73: 10 | BB73: =AZ73-BA73 -> 10 | BC73: 20 | BE73: =BC73-BD73 -> 20 | BF73: =AW73+AZ73+BC73 -> 60 | BG73: =AX73+BA73+BD73 -> 20 | BH73: =AY73+BB73+BE73 -> 40 | BJ73: =LEFT(C73,2) -> Xé | BK73: =ROUND(O73*G73*$B$6,-2) -> 100 | BL73: =ROUND(R73*G73*$B$6,-2) -> 0 | BM73: =ROUND(U73*G73*$B$6,-2) -> 0 | BN73: =ROUND(X73*G73*$B$6,-2) -> 100 | BO73: =ROUND(AA73*G73*$B$6,-2) -> 100 | BP73: =ROUND(AD73*G73*$B$6,-2) -> 0 | BQ73: =ROUND(AG73*G73*$B$6,-2) -> 0 | BR73: =ROUND(AJ73*G73*$B$6,-2) -> 100 | BS73: =ROUND(AM73*G73*$B$6,-2) -> 0 | BT73: =ROUND(AP73*G73*$B$6,-2) -> 0 | BU73: =ROUND(AS73*G73*$B$6,-2) -> 0 | BV73: =ROUND(AV73*G73*$B$6,-2) -> 0 | BW73: =ROUND(AY73*G73*$B$6,-2) -> 0 | BX73: =ROUND(BB73*G73*$B$6,-2) -> 0 | BY73: =ROUND(BE73*G73*$B$6,-2) -> 0 | BZ73: =ROUND(BH73*G73*$B$6,-2) -> 100 | CB73: =IF(SUM(I73:L73)<>0,"X") -> X | CC73: =CC72 -> KT8. | CD73: =CC73&G73 -> KT8.11,2 | CE73: =LEFT(C73,2) -> Xé | CF73: =CC73&CE73 -> KT8.Xé
A74: =A72 -> #REF! | C74: Xén lò DVTG chợ N-6-11 | D74: Thép | G74: 11.2 | H74: 0.7 | I74: =V74+AH74+AT74+BF74 -> 0 | J74: =W74+AI74+AU74+BG74 -> 0 | K74: =X74+AJ74+AV74+BH74 -> 0 | L74: =BN74+BR74+BV74+BZ74 -> 0 | O74: =M74-N74 -> 0 | R74: =P74-Q74 -> 0 | U74: =S74-T74 -> 0 | V74: =M74+P74+S74 -> 0 | W74: =N74+Q74+T74 -> 0 | X74: =O74+R74+U74 -> 0 | AA74: =Y74-Z74 -> 0 | AD74: =AB74-AC74 -> 0 | AG74: =AE74-AF74 -> 0 | AH74: =Y74+AB74+AE74 -> 0 | AI74: =Z74+AC74+AF74 -> 0 | AJ74: =AA74+AD74+AG74 -> 0 | AM74: =AK74-AL74 -> 0 | AP74: =AN74-AO74 -> 0 | AS74: =AQ74-AR74 -> 0 | AT74: =AK74+AN74+AQ74 -> 0 | AU74: =AL74+AO74+AR74 -> 0 | AV74: =AM74+AP74+AS74 -> 0 | AY74: =AW74-AX74 -> 0 | BB74: =AZ74-BA74 -> 0 | BE74: =BC74-BD74 -> 0 | BF74: =AW74+AZ74+BC74 -> 0 | BG74: =AX74+BA74+BD74 -> 0 | BH74: =AY74+BB74+BE74 -> 0 | BJ74: =LEFT(C74,2) -> Xé | BK74: =ROUND(O74*G74*$B$6,-2) -> 0 | BL74: =ROUND(R74*G74*$B$6,-2) -> 0 | BM74: =ROUND(U74*G74*$B$6,-2) -> 0 | BN74: =ROUND(X74*G74*$B$6,-2) -> 0 | BO74: =ROUND(AA74*G74*$B$6,-2) -> 0 | BP74: =ROUND(AD74*G74*$B$6,-2) -> 0 | BQ74: =ROUND(AG74*G74*$B$6,-2) -> 0 | BR74: =ROUND(AJ74*G74*$B$6,-2) -> 0 | BS74: =ROUND(AM74*G74*$B$6,-2) -> 0 | BT74: =ROUND(AP74*G74*$B$6,-2) -> 0 | BU74: =ROUND(AS74*G74*$B$6,-2) -> 0 | BV74: =ROUND(AV74*G74*$B$6,-2) -> 0 | BW74: =ROUND(AY74*G74*$B$6,-2) -> 0 | BX74: =ROUND(BB74*G74*$B$6,-2) -> 0 | BY74: =ROUND(BE74*G74*$B$6,-2) -> 0 | BZ74: =ROUND(BH74*G74*$B$6,-2) -> 0 | CB74: =IF(SUM(I74:L74)<>0,"X") -> FALSE | CC74: =CC73 -> KT8. | CD74: =CC74&G74 -> KT8.11,2 | CE74: =LEFT(C74,2) -> Xé | CF74: =CC74&CE74 -> KT8.Xé
A75: =A73 -> #REF! | C75: Xén lò DV mức -100 vỉa 6KN | D75: Thép | G75: 13.1 | H75: 0.7 | I75: =V75+AH75+AT75+BF75 -> 100 | J75: =W75+AI75+AU75+BG75 -> 40 | K75: =X75+AJ75+AV75+BH75 -> 60 | L75: =BN75+BR75+BV75+BZ75 -> 200 | O75: =M75-N75 -> 0 | R75: =P75-Q75 -> 0 | S75: 10 | U75: =S75-T75 -> 10 | V75: =M75+P75+S75 -> 10 | W75: =N75+Q75+T75 -> 0 | X75: =O75+R75+U75 -> 10 | Y75: 50 | Z75: 20 | AA75: =Y75-Z75 -> 30 | AD75: =AB75-AC75 -> 0 | AG75: =AE75-AF75 -> 0 | AH75: =Y75+AB75+AE75 -> 50 | AI75: =Z75+AC75+AF75 -> 20 | AJ75: =AA75+AD75+AG75 -> 30 | AM75: =AK75-AL75 -> 0 | AN75: 20 | AO75: 10 | AP75: =AN75-AO75 -> 10 | AQ75: 20 | AR75: 10 | AS75: =AQ75-AR75 -> 10 | AT75: =AK75+AN75+AQ75 -> 40 | AU75: =AL75+AO75+AR75 -> 20 | AV75: =AM75+AP75+AS75 -> 20 | AY75: =AW75-AX75 -> 0 | BB75: =AZ75-BA75 -> 0 | BE75: =BC75-BD75 -> 0 | BF75: =AW75+AZ75+BC75 -> 0 | BG75: =AX75+BA75+BD75 -> 0 | BH75: =AY75+BB75+BE75 -> 0 | BJ75: =LEFT(C75,2) -> Xé | BK75: =ROUND(O75*G75*$B$6,-2) -> 0 | BL75: =ROUND(R75*G75*$B$6,-2) -> 0 | BM75: =ROUND(U75*G75*$B$6,-2) -> 0 | BN75: =ROUND(X75*G75*$B$6,-2) -> 0 | BO75: =ROUND(AA75*G75*$B$6,-2) -> 100 | BP75: =ROUND(AD75*G75*$B$6,-2) -> 0 | BQ75: =ROUND(AG75*G75*$B$6,-2) -> 0 | BR75: =ROUND(AJ75*G75*$B$6,-2) -> 100 | BS75: =ROUND(AM75*G75*$B$6,-2) -> 0 | BT75: =ROUND(AP75*G75*$B$6,-2) -> 0 | BU75: =ROUND(AS75*G75*$B$6,-2) -> 0 | BV75: =ROUND(AV75*G75*$B$6,-2) -> 100 | BW75: =ROUND(AY75*G75*$B$6,-2) -> 0 | BX75: =ROUND(BB75*G75*$B$6,-2) -> 0 | BY75: =ROUND(BE75*G75*$B$6,-2) -> 0 | BZ75: =ROUND(BH75*G75*$B$6,-2) -> 0 | CB75: =IF(SUM(I75:L75)<>0,"X") -> X | CC75: =CC74 -> KT8. | CD75: =CC75&G75 -> KT8.13,1 | CE75: =LEFT(C75,2) -> Xé | CF75: =CC75&CE75 -> KT8.Xé
A76: =#REF! -> #REF! | B76: 5 | C76: PX KT5 | I76: =SUM(I77:I90)/2 -> 400 | J76: =SUM(J77:J90)/2 -> 70 | K76: =SUM(K77:K90)/2 -> 330 | L76: =SUM(L77:L90)/2 -> 2300 | M76: =SUM(M77:M90)/2 -> 113 | N76: =SUM(N77:N90)/2 -> 20 | O76: =SUM(O77:O90)/2 -> 93 | P76: =SUM(P77:P90)/2 -> 115 | ... BH76: =SUM(BH77:BH90)/2 -> 0 | BJ76: =LEFT(C76,2) -> PX | BK76: =SUM(BK77:BK90)/2 -> 800 | BL76: =SUM(BL77:BL90)/2 -> 600 | BM76: =SUM(BM77:BM90)/2 -> 100 | BN76: =SUM(BN77:BN90)/2 -> 1400 | BO76: =SUM(BO77:BO90)/2 -> 500 | BP76: =SUM(BP77:BP90)/2 -> 0 | BQ76: =SUM(BQ77:BQ90)/2 -> 0 | BR76: =SUM(BR77:BR90)/2 -> 500 | ... BZ76: =SUM(BZ77:BZ90)/2 -> 0 | CB76: =IF(SUM(I76:L76)<>0,"X") -> X | CC76: KT5. | CD76: =CC76&G76 -> KT5. | CE76: =LEFT(C76,2) -> PX | CF76: =CC76&CE76 -> KT5.PX
A77: =#REF! -> #REF! | B77: a | C77: ĐL CBSX | I77: =SUM(I78:I85) -> 250 | J77: =SUM(J78:J85) -> 20 | K77: =SUM(K78:K85) -> 230 | L77: =SUM(L78:L85) -> 2000 | M77: =SUM(M78:M85) -> 73 | N77: =SUM(N78:N85) -> 5 | O77: =SUM(O78:O85) -> 68 | P77: =SUM(P78:P85) -> 80 | ... AV77: =SUM(AV78:AV85) -> 32 | AX77: =SUM(AX78:AX85) -> 0 | AY77: =SUM(AY78:AY85) -> 0 | BA77: =SUM(BA78:BA85) -> 0 | BB77: =SUM(BB78:BB85) -> 0 | BD77: =SUM(BD78:BD85) -> 0 | BE77: =SUM(BE78:BE85) -> 0 | BG77: =SUM(BG78:BG85) -> 0 | BH77: =SUM(BH78:BH85) -> 0 | BJ77: =LEFT(C77,2) -> ĐL | BK77: =SUM(BK78:BK85) -> 700 | BL77: =SUM(BL78:BL85) -> 500 | BM77: =SUM(BM78:BM85) -> 0 | BN77: =SUM(BN78:BN85) -> 1200 | BO77: =SUM(BO78:BO85) -> 400 | BP77: =SUM(BP78:BP85) -> 0 | BQ77: =SUM(BQ78:BQ85) -> 0 | BR77: =SUM(BR78:BR85) -> 400 | ... BZ77: =SUM(BZ78:BZ85) -> 0 | CA77: =I77-V77-AH77-AT77-BF77 -> 0 | CB77: =IF(SUM(I77:L77)<>0,"X") -> X | CC77: =CC76 -> KT5. | CD77: =CC77&G77 -> KT5. | CE77: =LEFT(C77,2) -> ĐL | CF77: =CC77&CE77 -> KT5.ĐL
A78: =A77 -> #REF! | C78: Lò nối +TVPH chợ N-6-12.2 | D78: Gỗ | G78: 5.4 | H78: 0.7 | I78: =V78+AH78+AT78+BF78 -> 80 | J78: =W78+AI78+AU78+BG78 -> 10 | K78: =X78+AJ78+AV78+BH78 -> 70 | L78: =BN78+BR78+BV78+BZ78 -> 500 | O78: =M78-N78 -> 0 | P78: 80 | Q78: 10 | R78: =P78-Q78 -> 70 | U78: =S78-T78 -> 0 | V78: =M78+P78+S78 -> 80 | W78: =N78+Q78+T78 -> 10 | X78: =O78+R78+U78 -> 70 | AA78: =Y78-Z78 -> 0 | AD78: =AB78-AC78 -> 0 | AG78: =AE78-AF78 -> 0 | AH78: =Y78+AB78+AE78 -> 0 | AI78: =Z78+AC78+AF78 -> 0 | AJ78: =AA78+AD78+AG78 -> 0 | AM78: =AK78-AL78 -> 0 | AP78: =AN78-AO78 -> 0 | AS78: =AQ78-AR78 -> 0 | AT78: =AK78+AN78+AQ78 -> 0 | AU78: =AL78+AO78+AR78 -> 0 | AV78: =AM78+AP78+AS78 -> 0 | AY78: =AW78-AX78 -> 0 | BB78: =AZ78-BA78 -> 0 | BE78: =BC78-BD78 -> 0 | BF78: =AW78+AZ78+BC78 -> 0 | BG78: =AX78+BA78+BD78 -> 0 | BH78: =AY78+BB78+BE78 -> 0 | BJ78: =LEFT(C78,2) -> Lò | BK78: =ROUND(O78*G78*$C$3*$B$5,-2) -> 0 | BL78: =ROUND(R78*G78*$C$3*$B$5,-2) -> 500 | BM78: =ROUND(U78*G78*$C$3*$B$5,-2) -> 0 | BN78: =ROUND(X78*G78*$C$3*$B$5,-2) -> 500 | BO78: =ROUND(AA78*G78*$C$3*$B$5,-2) -> 0 | BP78: =ROUND(AD78*G78*$C$3*$B$5,-2) -> 0 | BQ78: =ROUND(AG78*G78*$C$3*$B$5,-2) -> 0 | BR78: =ROUND(AJ78*G78*$B$5*$C$3,-2) -> 0 | BS78: =ROUND(AM78*G78*$C$3*$B$5,-2) -> 0 | BT78: =ROUND(AP78*G78*$C$3*$B$5,-2) -> 0 | BU78: =ROUND(AS78*G78*$C$3*$B$5,-2) -> 0 | BV78: =ROUND(AV78*G78*$C$3*$B$5,-2) -> 0 | BW78: =ROUND(AY78*G78*$C$3*$B$5,-2) -> 0 | BX78: =ROUND(BB78*G78*$C$3*$B$5,-2) -> 0 | BY78: =ROUND(BE78*G78*$C$3*$B$5,-2) -> 0 | BZ78: =ROUND(BH78*G78*$C$3*$B$5,-2) -> 0 | CB78: =IF(SUM(I78:L78)<>0,"X") -> X | CC78: =CC77 -> KT5. | CD78: =CC78&G78 -> KT5.5,4 | CE78: =LEFT(C78,2) -> Lò | CF78: =CC78&CE78 -> KT5.Lò
A79: =A75 -> #REF! | C79: Lò TKĐ chợ N-6-12.3 | D79: Thép | G79: 8.5 | H79: 0.7 | I79: =V79+AH79+AT79+BF79 -> 73 | J79: =W79+AI79+AU79+BG79 -> 5 | K79: =X79+AJ79+AV79+BH79 -> 68 | L79: =BN79+BR79+BV79+BZ79 -> 700 | M79: 73 | N79: 5 | O79: =M79-N79 -> 68 | R79: =P79-Q79 -> 0 | U79: =S79-T79 -> 0 | V79: =M79+P79+S79 -> 73 | W79: =N79+Q79+T79 -> 5 | X79: =O79+R79+U79 -> 68 | AA79: =Y79-Z79 -> 0 | AD79: =AB79-AC79 -> 0 | AG79: =AE79-AF79 -> 0 | AH79: =Y79+AB79+AE79 -> 0 | AI79: =Z79+AC79+AF79 -> 0 | AJ79: =AA79+AD79+AG79 -> 0 | AM79: =AK79-AL79 -> 0 | AP79: =AN79-AO79 -> 0 | AS79: =AQ79-AR79 -> 0 | AT79: =AK79+AN79+AQ79 -> 0 | AU79: =AL79+AO79+AR79 -> 0 | AV79: =AM79+AP79+AS79 -> 0 | AY79: =AW79-AX79 -> 0 | BB79: =AZ79-BA79 -> 0 | BE79: =BC79-BD79 -> 0 | BF79: =AW79+AZ79+BC79 -> 0 | BG79: =AX79+BA79+BD79 -> 0 | BH79: =AY79+BB79+BE79 -> 0 | BJ79: =LEFT(C79,2) -> Lò | BK79: =ROUND(O79*G79*$C$3*$B$5,-2) -> 700 | BL79: =ROUND(R79*G79*$C$3*$B$5,-2) -> 0 | BM79: =ROUND(U79*G79*$C$3*$B$5,-2) -> 0 | BN79: =ROUND(X79*G79*$C$3*$B$5,-2) -> 700 | BO79: =ROUND(AA79*G79*$C$3*$B$5,-2) -> 0 | BP79: =ROUND(AD79*G79*$C$3*$B$5,-2) -> 0 | BQ79: =ROUND(AG79*G79*$C$3*$B$5,-2) -> 0 | BR79: =ROUND(AJ79*G79*$B$5*$C$3,-2) -> 0 | BS79: =ROUND(AM79*G79*$C$3*$B$5,-2) -> 0 | BT79: =ROUND(AP79*G79*$C$3*$B$5,-2) -> 0 | BU79: =ROUND(AS79*G79*$C$3*$B$5,-2) -> 0 | BV79: =ROUND(AV79*G79*$C$3*$B$5,-2) -> 0 | BW79: =ROUND(AY79*G79*$C$3*$B$5,-2) -> 0 | BX79: =ROUND(BB79*G79*$C$3*$B$5,-2) -> 0 | BY79: =ROUND(BE79*G79*$C$3*$B$5,-2) -> 0 | BZ79: =ROUND(BH79*G79*$C$3*$B$5,-2) -> 0 | CB79: =IF(SUM(I79:L79)<>0,"X") -> X | CC79: =CC78 -> KT5. | CD79: =CC79&G79 -> KT5.8,5 | CE79: =LEFT(C79,2) -> Lò | CF79: =CC79&CE79 -> KT5.Lò
A80: =A79 -> #REF! | C80: Lò nối +TVPH chợ N-6-12.3 | D80: Gỗ | G80: 5.4 | H80: 0.7 | I80: =V80+AH80+AT80+BF80 -> 65 | J80: =W80+AI80+AU80+BG80 -> 5 | K80: =X80+AJ80+AV80+BH80 -> 60 | L80: =BN80+BR80+BV80+BZ80 -> 400 | O80: =M80-N80 -> 0 | R80: =P80-Q80 -> 0 | U80: =S80-T80 -> 0 | V80: =M80+P80+S80 -> 0 | W80: =N80+Q80+T80 -> 0 | X80: =O80+R80+U80 -> 0 | Y80: 65 | Z80: 5 | AA80: =Y80-Z80 -> 60 | AD80: =AB80-AC80 -> 0 | AG80: =AE80-AF80 -> 0 | AH80: =Y80+AB80+AE80 -> 65 | AI80: =Z80+AC80+AF80 -> 5 | AJ80: =AA80+AD80+AG80 -> 60 | AM80: =AK80-AL80 -> 0 | AP80: =AN80-AO80 -> 0 | AS80: =AQ80-AR80 -> 0 | AT80: =AK80+AN80+AQ80 -> 0 | AU80: =AL80+AO80+AR80 -> 0 | AV80: =AM80+AP80+AS80 -> 0 | AY80: =AW80-AX80 -> 0 | BB80: =AZ80-BA80 -> 0 | BE80: =BC80-BD80 -> 0 | BF80: =AW80+AZ80+BC80 -> 0 | BG80: =AX80+BA80+BD80 -> 0 | BH80: =AY80+BB80+BE80 -> 0 | BJ80: =LEFT(C80,2) -> Lò | BK80: =ROUND(O80*G80*$C$3*$B$5,-2) -> 0 | BL80: =ROUND(R80*G80*$C$3*$B$5,-2) -> 0 | BM80: =ROUND(U80*G80*$C$3*$B$5,-2) -> 0 | BN80: =ROUND(X80*G80*$C$3*$B$5,-2) -> 0 | BO80: =ROUND(AA80*G80*$C$3*$B$5,-2) -> 400 | BP80: =ROUND(AD80*G80*$C$3*$B$5,-2) -> 0 | BQ80: =ROUND(AG80*G80*$C$3*$B$5,-2) -> 0 | BR80: =ROUND(AJ80*G80*$B$5*$C$3,-2) -> 400 | BS80: =ROUND(AM80*G80*$C$3*$B$5,-2) -> 0 | BT80: =ROUND(AP80*G80*$C$3*$B$5,-2) -> 0 | BU80: =ROUND(AS80*G80*$C$3*$B$5,-2) -> 0 | BV80: =ROUND(AV80*G80*$C$3*$B$5,-2) -> 0 | BW80: =ROUND(AY80*G80*$C$3*$B$5,-2) -> 0 | BX80: =ROUND(BB80*G80*$C$3*$B$5,-2) -> 0 | BY80: =ROUND(BE80*G80*$C$3*$B$5,-2) -> 0 | BZ80: =ROUND(BH80*G80*$C$3*$B$5,-2) -> 0 | CB80: =IF(SUM(I80:L80)<>0,"X") -> X | CC80: =CC79 -> KT5. | CD80: =CC80&G80 -> KT5.5,4 | CE80: =LEFT(C80,2) -> Lò | CF80: =CC80&CE80 -> KT5.Lò
A81: =A80 -> #REF! | C81: Lò DVPT chợ N-6-12.3/V6-KN | D81: Thép | G81: 8.5 | H81: 0.7 | I81: =V81+AH81+AT81+BF81 -> 0 | J81: =W81+AI81+AU81+BG81 -> 0 | K81: =X81+AJ81+AV81+BH81 -> 0 | L81: =BN81+BR81+BV81+BZ81 -> 0 | O81: =M81-N81 -> 0 | R81: =P81-Q81 -> 0 | U81: =S81-T81 -> 0 | V81: =M81+P81+S81 -> 0 | W81: =N81+Q81+T81 -> 0 | X81: =O81+R81+U81 -> 0 | AA81: =Y81-Z81 -> 0 | AD81: =AB81-AC81 -> 0 | AG81: =AE81-AF81 -> 0 | AH81: =Y81+AB81+AE81 -> 0 | AI81: =Z81+AC81+AF81 -> 0 | AJ81: =AA81+AD81+AG81 -> 0 | AM81: =AK81-AL81 -> 0 | AP81: =AN81-AO81 -> 0 | AS81: =AQ81-AR81 -> 0 | AV81: =AT81-AU81 -> 0 | AY81: =AW81-AX81 -> 0 | BB81: =AZ81-BA81 -> 0 | BE81: =BC81-BD81 -> 0 | BF81: =AW81+AZ81+BC81 -> 0 | BG81: =AX81+BA81+BD81 -> 0 | BH81: =AY81+BB81+BE81 -> 0 | BJ81: =LEFT(C81,2) -> Lò | BK81: =ROUND(O81*G81*$C$3*$B$5,-2) -> 0 | BL81: =ROUND(R81*G81*$C$3*$B$5,-2) -> 0 | BM81: =ROUND(U81*G81*$C$3*$B$5,-2) -> 0 | BN81: =ROUND(X81*G81*$C$3*$B$5,-2) -> 0 | BO81: =ROUND(AA81*G81*$C$3*$B$5,-2) -> 0 | BP81: =ROUND(AD81*G81*$C$3*$B$5,-2) -> 0 | BQ81: =ROUND(AG81*G81*$C$3*$B$5,-2) -> 0 | BR81: =ROUND(AJ81*G81*$B$5*$C$3,-2) -> 0 | BS81: =ROUND(AM81*G81*$C$3*$B$5,-2) -> 0 | BT81: =ROUND(AP81*G81*$C$3*$B$5,-2) -> 0 | BU81: =ROUND(AS81*G81*$C$3*$B$5,-2) -> 0 | BV81: =ROUND(AV81*G81*$C$3*$B$5,-2) -> 0 | BW81: =ROUND(AY81*G81*$C$3*$B$5,-2) -> 0 | BX81: =ROUND(BB81*G81*$C$3*$B$5,-2) -> 0 | BY81: =ROUND(BE81*G81*$C$3*$B$5,-2) -> 0 | BZ81: =ROUND(BH81*G81*$C$3*$B$5,-2) -> 0 | CB81: =IF(SUM(I81:L81)<>0,"X") -> FALSE | CC81: =CC80 -> KT5. | CD81: =CC81&G81 -> KT5.8,5 | CE81: =LEFT(C81,2) -> Lò | CF81: =CC81&CE81 -> KT5.Lò
A82: =A78 -> #REF! | C82: Lò SS trung gian chợ ĐB=12-3A | D82: Thép | G82: 9.5 | H82: 0.7 | I82: =V82+AH82+AT82+BF82 -> 32 | J82: =W82+AI82+AU82+BG82 -> 0 | K82: =X82+AJ82+AV82+BH82 -> 32 | L82: =BN82+BR82+BV82+BZ82 -> 400 | O82: =M82-N82 -> 0 | R82: =P82-Q82 -> 0 | U82: =S82-T82 -> 0 | V82: =M82+P82+S82 -> 0 | W82: =N82+Q82+T82 -> 0 | X82: =O82+R82+U82 -> 0 | AA82: =Y82-Z82 -> 0 | AD82: =AB82-AC82 -> 0 | AG82: =AE82-AF82 -> 0 | AH82: =Y82+AB82+AE82 -> 0 | AI82: =Z82+AC82+AF82 -> 0 | AJ82: =AA82+AD82+AG82 -> 0 | AM82: =AK82-AL82 -> 0 | AP82: =AN82-AO82 -> 0 | AQ82: 32 | AS82: =AQ82-AR82 -> 32 | AT82: =AK82+AN82+AQ82 -> 32 | AU82: =AL82+AO82+AR82 -> 0 | AV82: =AM82+AP82+AS82 -> 32 | AY82: =AW82-AX82 -> 0 | BB82: =AZ82-BA82 -> 0 | BE82: =BC82-BD82 -> 0 | BF82: =AW82+AZ82+BC82 -> 0 | BG82: =AX82+BA82+BD82 -> 0 | BH82: =AY82+BB82+BE82 -> 0 | BJ82: =LEFT(C82,2) -> Lò | BK82: =ROUND(O82*G82*$C$3*$B$5,-2) -> 0 | BL82: =ROUND(R82*G82*$C$3*$B$5,-2) -> 0 | BM82: =ROUND(U82*G82*$C$3*$B$5,-2) -> 0 | BN82: =ROUND(X82*G82*$C$3*$B$5,-2) -> 0 | BO82: =ROUND(AA82*G82*$C$3*$B$5,-2) -> 0 | BP82: =ROUND(AD82*G82*$C$3*$B$5,-2) -> 0 | BQ82: =ROUND(AG82*G82*$C$3*$B$5,-2) -> 0 | BR82: =ROUND(AJ82*G82*$B$5*$C$3,-2) -> 0 | BS82: =ROUND(AM82*G82*$C$3*$B$5,-2) -> 0 | BT82: =ROUND(AP82*G82*$C$3*$B$5,-2) -> 0 | BU82: =ROUND(AS82*G82*$C$3*$B$5,-2) -> 400 | BV82: =ROUND(AV82*G82*$C$3*$B$5,-2) -> 400 | BW82: =ROUND(AY82*G82*$C$3*$B$5,-2) -> 0 | BX82: =ROUND(BB82*G82*$C$3*$B$5,-2) -> 0 | BY82: =ROUND(BE82*G82*$C$3*$B$5,-2) -> 0 | BZ82: =ROUND(BH82*G82*$C$3*$B$5,-2) -> 0 | CB82: =IF(SUM(I82:L82)<>0,"X") -> X | CC82: =CC78 -> KT5. | CD82: =CC82&G82 -> KT5.9,5 | CE82: =LEFT(C82,2) -> Lò | CF82: =CC82&CE82 -> KT5.Lò
A83: =A82 -> #REF! | C83: Lò nối +TVPH chợ N-6-12.1 | D83: Gỗ | G83: 5.4 | H83: 0.7 | I83: =V83+AH83+AT83+BF83 -> 0 | J83: =W83+AI83+AU83+BG83 -> 0 | K83: =X83+AJ83+AV83+BH83 -> 0 | L83: =BN83+BR83+BV83+BZ83 -> 0 | O83: =M83-N83 -> 0 | R83: =P83-Q83 -> 0 | U83: =S83-T83 -> 0 | X83: =V83-W83 -> 0 | AA83: =Y83-Z83 -> 0 | AD83: =AB83-AC83 -> 0 | AG83: =AE83-AF83 -> 0 | AH83: =Y83+AB83+AE83 -> 0 | AI83: =Z83+AC83+AF83 -> 0 | AJ83: =AA83+AD83+AG83 -> 0 | AM83: =AK83-AL83 -> 0 | AP83: =AN83-AO83 -> 0 | AS83: =AQ83-AR83 -> 0 | AT83: =AK83+AN83+AQ83 -> 0 | AU83: =AL83+AO83+AR83 -> 0 | AV83: =AM83+AP83+AS83 -> 0 | AY83: =AW83-AX83 -> 0 | BB83: =AZ83-BA83 -> 0 | BE83: =BC83-BD83 -> 0 | BF83: =AW83+AZ83+BC83 -> 0 | BG83: =AX83+BA83+BD83 -> 0 | BH83: =AY83+BB83+BE83 -> 0 | BJ83: =LEFT(C83,2) -> Lò | BK83: =ROUND(O83*G83*$C$3*$B$5,-2) -> 0 | BL83: =ROUND(R83*G83*$C$3*$B$5,-2) -> 0 | BM83: =ROUND(U83*G83*$C$3*$B$5,-2) -> 0 | BN83: =ROUND(X83*G83*$C$3*$B$5,-2) -> 0 | BO83: =ROUND(AA83*G83*$C$3*$B$5,-2) -> 0 | BP83: =ROUND(AD83*G83*$C$3*$B$5,-2) -> 0 | BQ83: =ROUND(AG83*G83*$C$3*$B$5,-2) -> 0 | BR83: =ROUND(AJ83*G83*$B$5*$C$3,-2) -> 0 | BS83: =ROUND(AM83*G83*$C$3*$B$5,-2) -> 0 | BT83: =ROUND(AP83*G83*$C$3*$B$5,-2) -> 0 | BU83: =ROUND(AS83*G83*$C$3*$B$5,-2) -> 0 | BV83: =ROUND(AV83*G83*$C$3*$B$5,-2) -> 0 | BW83: =ROUND(AY83*G83*$C$3*$B$5,-2) -> 0 | BX83: =ROUND(BB83*G83*$C$3*$B$5,-2) -> 0 | BY83: =ROUND(BE83*G83*$C$3*$B$5,-2) -> 0 | BZ83: =ROUND(BH83*G83*$C$3*$B$5,-2) -> 0 | CB83: =IF(SUM(I83:L83)<>0,"X") -> FALSE | CC83: =CC82 -> KT5. | CD83: =CC83&G83 -> KT5.5,4 | CE83: =LEFT(C83,2) -> Lò | CF83: =CC83&CE83 -> KT5.Lò
A84: =A83 -> #REF! | B84: * | C84: Lò | D84: Thép | G84: 11.2 | H84: 0.7 | I84: =V84+AH84+AT84+BF84 -> 0 | J84: =W84+AI84+AU84+BG84 -> 0 | K84: =X84+AJ84+AV84+BH84 -> 0 | L84: =BN84+BR84+BV84+BZ84 -> 0 | O84: =M84-N84 -> 0 | R84: =P84-Q84 -> 0 | U84: =S84-T84 -> 0 | V84: =M84+P84+S84 -> 0 | W84: =N84+Q84+T84 -> 0 | X84: =O84+R84+U84 -> 0 | AA84: =Y84-Z84 -> 0 | AD84: =AB84-AC84 -> 0 | AG84: =AE84-AF84 -> 0 | AH84: =Y84+AB84+AE84 -> 0 | AI84: =Z84+AC84+AF84 -> 0 | AJ84: =AA84+AD84+AG84 -> 0 | AM84: =AK84-AL84 -> 0 | AP84: =AN84-AO84 -> 0 | AS84: =AQ84-AR84 -> 0 | AT84: =AK84+AN84+AQ84 -> 0 | AU84: =AL84+AO84+AR84 -> 0 | AV84: =AM84+AP84+AS84 -> 0 | AY84: =AW84-AX84 -> 0 | BB84: =AZ84-BA84 -> 0 | BE84: =BC84-BD84 -> 0 | BF84: =AW84+AZ84+BC84 -> 0 | BG84: =AX84+BA84+BD84 -> 0 | BH84: =AY84+BB84+BE84 -> 0 | BJ84: =LEFT(C84,2) -> Lò | BK84: =ROUND(O84*G84*$C$3*$B$5,-2) -> 0 | BL84: =ROUND(R84*G84*$C$3*$B$5,-2) -> 0 | BM84: =ROUND(U84*G84*$C$3*$B$5,-2) -> 0 | BN84: =ROUND(X84*G84*$C$3*$B$5,-2) -> 0 | BO84: =ROUND(AA84*G84*$C$3*$B$5,-2) -> 0 | BP84: =ROUND(AD84*G84*$C$3*$B$5,-2) -> 0 | BQ84: =ROUND(AG84*G84*$C$3*$B$5,-2) -> 0 | BR84: =ROUND(AJ84*G84*$B$5*$C$3,-2) -> 0 | BS84: =ROUND(AM84*G84*$C$3*$B$5,-2) -> 0 | BT84: =ROUND(AP84*G84*$C$3*$B$5,-2) -> 0 | BU84: =ROUND(AS84*G84*$C$3*$B$5,-2) -> 0 | BV84: =ROUND(AV84*G84*$C$3*$B$5,-2) -> 0 | BW84: =ROUND(AY84*G84*$C$3*$B$5,-2) -> 0 | BX84: =ROUND(BB84*G84*$C$3*$B$5,-2) -> 0 | BY84: =ROUND(BE84*G84*$C$3*$B$5,-2) -> 0 | BZ84: =ROUND(BH84*G84*$C$3*$B$5,-2) -> 0 | CB84: =IF(SUM(I84:L84)<>0,"X") -> FALSE | CC84: =CC83 -> KT5. | CD84: =CC84&G84 -> KT5.11,2 | CE84: =LEFT(C84,2) -> Lò | CF84: =CC84&CE84 -> KT5.Lò
A85: =A84 -> #REF! | B85: * | C85: Lò | D85: Thép | G85: 11.2 | H85: 0.7 | I85: =V85+AH85+AT85+BF85 -> 0 | J85: =W85+AI85+AU85+BG85 -> 0 | K85: =X85+AJ85+AV85+BH85 -> 0 | L85: =BN85+BR85+BV85+BZ85 -> 0 | O85: =M85-N85 -> 0 | R85: =P85-Q85 -> 0 | U85: =S85-T85 -> 0 | V85: =M85+P85+S85 -> 0 | W85: =N85+Q85+T85 -> 0 | X85: =O85+R85+U85 -> 0 | AA85: =Y85-Z85 -> 0 | AD85: =AB85-AC85 -> 0 | AG85: =AE85-AF85 -> 0 | AH85: =Y85+AB85+AE85 -> 0 | AI85: =Z85+AC85+AF85 -> 0 | AJ85: =AA85+AD85+AG85 -> 0 | AM85: =AK85-AL85 -> 0 | AP85: =AN85-AO85 -> 0 | AS85: =AQ85-AR85 -> 0 | AT85: =AK85+AN85+AQ85 -> 0 | AU85: =AL85+AO85+AR85 -> 0 | AV85: =AM85+AP85+AS85 -> 0 | AY85: =AW85-AX85 -> 0 | BB85: =AZ85-BA85 -> 0 | BE85: =BC85-BD85 -> 0 | BF85: =AW85+AZ85+BC85 -> 0 | BG85: =AX85+BA85+BD85 -> 0 | BH85: =AY85+BB85+BE85 -> 0 | BJ85: =LEFT(C85,2) -> Lò | BK85: =ROUND(O85*G85*$C$3*$B$5,-2) -> 0 | BL85: =ROUND(R85*G85*$C$3*$B$5,-2) -> 0 | BM85: =ROUND(U85*G85*$C$3*$B$5,-2) -> 0 | BN85: =ROUND(X85*G85*$C$3*$B$5,-2) -> 0 | BO85: =ROUND(AA85*G85*$C$3*$B$5,-2) -> 0 | BP85: =ROUND(AD85*G85*$C$3*$B$5,-2) -> 0 | BQ85: =ROUND(AG85*G85*$C$3*$B$5,-2) -> 0 | BR85: =ROUND(AJ85*G85*$B$5*$C$3,-2) -> 0 | BS85: =ROUND(AM85*G85*$C$3*$B$5,-2) -> 0 | BT85: =ROUND(AP85*G85*$C$3*$B$5,-2) -> 0 | BU85: =ROUND(AS85*G85*$C$3*$B$5,-2) -> 0 | BV85: =ROUND(AV85*G85*$C$3*$B$5,-2) -> 0 | BW85: =ROUND(AY85*G85*$C$3*$B$5,-2) -> 0 | BX85: =ROUND(BB85*G85*$C$3*$B$5,-2) -> 0 | BY85: =ROUND(BE85*G85*$C$3*$B$5,-2) -> 0 | BZ85: =ROUND(BH85*G85*$C$3*$B$5,-2) -> 0 | CB85: =IF(SUM(I85:L85)<>0,"X") -> FALSE | CC85: =CC84 -> KT5. | CD85: =CC85&G85 -> KT5.11,2 | CE85: =LEFT(C85,2) -> Lò | CF85: =CC85&CE85 -> KT5.Lò
A86: =A85 -> #REF! | B86: b | C86: XL CBSX | I86: =SUM(I87:I90) -> 150 | J86: =SUM(J87:J90) -> 50 | K86: =SUM(K87:K90) -> 100 | L86: =SUM(L87:L90) -> 300 | M86: =SUM(M87:M90) -> 40 | N86: =SUM(N87:N90) -> 15 | O86: =SUM(O87:O90) -> 25 | P86: =SUM(P87:P90) -> 35 | ... BH86: =SUM(BH87:BH90) -> 0 | BJ86: =LEFT(C86,2) -> XL | BK86: =SUM(BK87:BK90) -> 100 | BL86: =SUM(BL87:BL90) -> 100 | BM86: =SUM(BM87:BM90) -> 100 | BN86: =SUM(BN87:BN90) -> 200 | BO86: =SUM(BO87:BO90) -> 100 | BP86: =SUM(BP87:BP90) -> 0 | BQ86: =SUM(BQ87:BQ90) -> 0 | BR86: =SUM(BR87:BR90) -> 100 | ... BZ86: =SUM(BZ87:BZ90) -> 0 | CB86: =IF(SUM(I86:L86)<>0,"X") -> X | CC86: =CC85 -> KT5. | CD86: =CC86&G86 -> KT5. | CE86: =LEFT(C86,2) -> XL | CF86: =CC86&CE86 -> KT5.XL
A87: =A86 -> #REF! | C87: Xén lò thượng TTG -100/-10V6KN | D87: Thép | G87: 13.1 | H87: 0.7 | I87: =V87+AH87+AT87+BF87 -> 150 | J87: =W87+AI87+AU87+BG87 -> 50 | K87: =X87+AJ87+AV87+BH87 -> 100 | L87: =BN87+BR87+BV87+BZ87 -> 300 | M87: 40 | N87: 15 | O87: =M87-N87 -> 25 | P87: 35 | Q87: 10 | R87: =P87-Q87 -> 25 | S87: 40 | T87: 15 | U87: =S87-T87 -> 25 | V87: =M87+P87+S87 -> 115 | W87: =N87+Q87+T87 -> 40 | X87: =O87+R87+U87 -> 75 | Y87: 35 | Z87: 10 | AA87: =Y87-Z87 -> 25 | AD87: =AB87-AC87 -> 0 | AG87: =AE87-AF87 -> 0 | AH87: =Y87+AB87+AE87 -> 35 | AI87: =Z87+AC87+AF87 -> 10 | AJ87: =AA87+AD87+AG87 -> 25 | AM87: =AK87-AL87 -> 0 | AP87: =AN87-AO87 -> 0 | AS87: =AQ87-AR87 -> 0 | AT87: =AK87+AN87+AQ87 -> 0 | AU87: =AL87+AO87+AR87 -> 0 | AV87: =AM87+AP87+AS87 -> 0 | BB87: =AZ87-BA87 -> 0 | BE87: =BC87-BD87 -> 0 | BF87: =AW87+AZ87+BC87 -> 0 | BG87: =AX87+BA87+BD87 -> 0 | BH87: =AY87+BB87+BE87 -> 0 | BJ87: =LEFT(C87,2) -> Xé | BK87: =ROUND(O87*G87*$B$6,-2) -> 100 | BL87: =ROUND(R87*G87*$B$6,-2) -> 100 | BM87: =ROUND(U87*G87*$B$6,-2) -> 100 | BN87: =ROUND(X87*G87*$B$6,-2) -> 200 | BO87: =ROUND(AA87*G87*$B$6,-2) -> 100 | BP87: =ROUND(AD87*G87*$B$6,-2) -> 0 | BQ87: =ROUND(AG87*G87*$B$6,-2) -> 0 | BR87: =ROUND(AJ87*G87*$B$6,-2) -> 100 | BS87: =ROUND(AM87*G87*$B$6,-2) -> 0 | BT87: =ROUND(AP87*G87*$B$6,-2) -> 0 | BU87: =ROUND(AS87*G87*$B$6,-2) -> 0 | BV87: =ROUND(AV87*G87*$B$6,-2) -> 0 | BW87: =ROUND(AY87*G87*$B$6,-2) -> 0 | BX87: =ROUND(BB87*G87*$B$6,-2) -> 0 | BY87: =ROUND(BE87*G87*$B$6,-2) -> 0 | BZ87: =ROUND(BH87*G87*$B$6,-2) -> 0 | CB87: =IF(SUM(I87:L87)<>0,"X") -> X | CC87: =CC86 -> KT5. | CD87: =CC87&G87 -> KT5.13,1 | CE87: =LEFT(C87,2) -> Xé | CF87: =CC87&CE87 -> KT5.Xé
A88: =A86 -> #REF! | C88: Xén lò DV mức -50V6KN | D88: Thép | G88: 13.1 | H88: 0.7 | I88: =V88+AH88+AT88+BF88 -> 0 | J88: =W88+AI88+AU88+BG88 -> 0 | K88: =X88+AJ88+AV88+BH88 -> 0 | L88: =BN88+BR88+BV88+BZ88 -> 0 | O88: =M88-N88 -> 0 | R88: =P88-Q88 -> 0 | U88: =S88-T88 -> 0 | V88: =M88+P88+S88 -> 0 | W88: =N88+Q88+T88 -> 0 | X88: =O88+R88+U88 -> 0 | AA88: =Y88-Z88 -> 0 | AD88: =AB88-AC88 -> 0 | AG88: =AE88-AF88 -> 0 | AH88: =Y88+AB88+AE88 -> 0 | AI88: =Z88+AC88+AF88 -> 0 | AJ88: =AA88+AD88+AG88 -> 0 | AM88: =AK88-AL88 -> 0 | AP88: =AN88-AO88 -> 0 | AS88: =AQ88-AR88 -> 0 | AT88: =AK88+AN88+AQ88 -> 0 | AU88: =AL88+AO88+AR88 -> 0 | AV88: =AM88+AP88+AS88 -> 0 | AY88: =AW88-AX88 -> 0 | BB88: =AZ88-BA88 -> 0 | BE88: =BC88-BD88 -> 0 | BF88: =AW88+AZ88+BC88 -> 0 | BG88: =AX88+BA88+BD88 -> 0 | BH88: =AY88+BB88+BE88 -> 0 | BJ88: =LEFT(C88,2) -> Xé | BK88: =ROUND(O88*G88*$B$6,-2) -> 0 | BL88: =ROUND(R88*G88*$B$6,-2) -> 0 | BM88: =ROUND(U88*G88*$B$6,-2) -> 0 | BN88: =ROUND(X88*G88*$B$6,-2) -> 0 | BO88: =ROUND(AA88*G88*$B$6,-2) -> 0 | BP88: =ROUND(AD88*G88*$B$6,-2) -> 0 | BQ88: =ROUND(AG88*G88*$B$6,-2) -> 0 | BR88: =ROUND(AJ88*G88*$B$6,-2) -> 0 | BS88: =ROUND(AM88*G88*$B$6,-2) -> 0 | BT88: =ROUND(AP88*G88*$B$6,-2) -> 0 | BU88: =ROUND(AS88*G88*$B$6,-2) -> 0 | BV88: =ROUND(AV88*G88*$B$6,-2) -> 0 | BW88: =ROUND(AY88*G88*$B$6,-2) -> 0 | BX88: =ROUND(BB88*G88*$B$6,-2) -> 0 | BY88: =ROUND(BE88*G88*$B$6,-2) -> 0 | BZ88: =ROUND(BH88*G88*$B$6,-2) -> 0 | CB88: =IF(SUM(I88:L88)<>0,"X") -> FALSE | CC88: =CC87 -> KT5. | CD88: =CC88&G88 -> KT5.13,1 | CE88: =LEFT(C88,2) -> Xé | CF88: =CC88&CE88 -> KT5.Xé
A89: =A86 -> #REF! | C89: Xén | D89: Thép | G89: 13.1 | H89: 0.7 | I89: =V89+AH89+AT89+BF89 -> 0 | J89: =W89+AI89+AU89+BG89 -> 0 | K89: =X89+AJ89+AV89+BH89 -> 0 | L89: =BN89+BR89+BV89+BZ89 -> 0 | O89: =M89-N89 -> 0 | R89: =P89-Q89 -> 0 | U89: =S89-T89 -> 0 | V89: =M89+P89+S89 -> 0 | W89: =N89+Q89+T89 -> 0 | X89: =O89+R89+U89 -> 0 | AA89: =Y89-Z89 -> 0 | AD89: =AB89-AC89 -> 0 | AG89: =AE89-AF89 -> 0 | AH89: =Y89+AB89+AE89 -> 0 | AI89: =Z89+AC89+AF89 -> 0 | AJ89: =AA89+AD89+AG89 -> 0 | AM89: =AK89-AL89 -> 0 | AP89: =AN89-AO89 -> 0 | AS89: =AQ89-AR89 -> 0 | AT89: =AK89+AN89+AQ89 -> 0 | AU89: =AL89+AO89+AR89 -> 0 | AV89: =AM89+AP89+AS89 -> 0 | AY89: =AW89-AX89 -> 0 | BB89: =AZ89-BA89 -> 0 | BE89: =BC89-BD89 -> 0 | BF89: =AW89+AZ89+BC89 -> 0 | BG89: =AX89+BA89+BD89 -> 0 | BH89: =AY89+BB89+BE89 -> 0 | BJ89: =LEFT(C89,2) -> Xé | BK89: =ROUND(O89*G89*$B$6,-2) -> 0 | BL89: =ROUND(R89*G89*$B$6,-2) -> 0 | BM89: =ROUND(U89*G89*$B$6,-2) -> 0 | BN89: =ROUND(X89*G89*$B$6,-2) -> 0 | BO89: =ROUND(AA89*G89*$B$6,-2) -> 0 | BP89: =ROUND(AD89*G89*$B$6,-2) -> 0 | BQ89: =ROUND(AG89*G89*$B$6,-2) -> 0 | BR89: =ROUND(AJ89*G89*$B$6,-2) -> 0 | BS89: =ROUND(AM89*G89*$B$6,-2) -> 0 | BT89: =ROUND(AP89*G89*$B$6,-2) -> 0 | BU89: =ROUND(AS89*G89*$B$6,-2) -> 0 | BV89: =ROUND(AV89*G89*$B$6,-2) -> 0 | BW89: =ROUND(AY89*G89*$B$6,-2) -> 0 | BX89: =ROUND(BB89*G89*$B$6,-2) -> 0 | BY89: =ROUND(BE89*G89*$B$6,-2) -> 0 | BZ89: =ROUND(BH89*G89*$B$6,-2) -> 0 | CB89: =IF(SUM(I89:L89)<>0,"X") -> FALSE | CC89: =CC87 -> KT5. | CD89: =CC89&G89 -> KT5.13,1 | CE89: =LEFT(C89,2) -> Xé | CF89: =CC89&CE89 -> KT5.Xé
A90: =A87 -> #REF! | C90: Xén | D90: Thép | G90: 13.1 | H90: 0.7 | I90: =V90+AH90+AT90+BF90 -> 0 | J90: =W90+AI90+AU90+BG90 -> 0 | K90: =X90+AJ90+AV90+BH90 -> 0 | L90: =BN90+BR90+BV90+BZ90 -> 0 | O90: =M90-N90 -> 0 | R90: =P90-Q90 -> 0 | U90: =S90-T90 -> 0 | V90: =M90+P90+S90 -> 0 | W90: =N90+Q90+T90 -> 0 | X90: =O90+R90+U90 -> 0 | AA90: =Y90-Z90 -> 0 | AD90: =AB90-AC90 -> 0 | AG90: =AE90-AF90 -> 0 | AH90: =Y90+AB90+AE90 -> 0 | AI90: =Z90+AC90+AF90 -> 0 | AJ90: =AA90+AD90+AG90 -> 0 | AM90: =AK90-AL90 -> 0 | AP90: =AN90-AO90 -> 0 | AS90: =AQ90-AR90 -> 0 | AT90: =AK90+AN90+AQ90 -> 0 | AU90: =AL90+AO90+AR90 -> 0 | AV90: =AM90+AP90+AS90 -> 0 | AY90: =AW90-AX90 -> 0 | BB90: =AZ90-BA90 -> 0 | BE90: =BC90-BD90 -> 0 | BF90: =AW90+AZ90+BC90 -> 0 | BG90: =AX90+BA90+BD90 -> 0 | BH90: =AY90+BB90+BE90 -> 0 | BJ90: =LEFT(C90,2) -> Xé | BK90: =ROUND(O90*G90*$B$6,-2) -> 0 | BL90: =ROUND(R90*G90*$B$6,-2) -> 0 | BM90: =ROUND(U90*G90*$B$6,-2) -> 0 | BN90: =ROUND(X90*G90*$B$6,-2) -> 0 | BO90: =ROUND(AA90*G90*$B$6,-2) -> 0 | BP90: =ROUND(AD90*G90*$B$6,-2) -> 0 | BQ90: =ROUND(AG90*G90*$B$6,-2) -> 0 | BR90: =ROUND(AJ90*G90*$B$6,-2) -> 0 | BS90: =ROUND(AM90*G90*$B$6,-2) -> 0 | BT90: =ROUND(AP90*G90*$B$6,-2) -> 0 | BU90: =ROUND(AS90*G90*$B$6,-2) -> 0 | BV90: =ROUND(AV90*G90*$B$6,-2) -> 0 | BW90: =ROUND(AY90*G90*$B$6,-2) -> 0 | BX90: =ROUND(BB90*G90*$B$6,-2) -> 0 | BY90: =ROUND(BE90*G90*$B$6,-2) -> 0 | BZ90: =ROUND(BH90*G90*$B$6,-2) -> 0 | CB90: =IF(SUM(I90:L90)<>0,"X") -> FALSE | CC90: =CC88 -> KT5. | CD90: =CC90&G90 -> KT5.13,1 | CE90: =LEFT(C90,2) -> Xé | CF90: =CC90&CE90 -> KT5.Xé
A91: =#REF! -> #REF! | B91: 6 | C91: PX KT6 | I91: =SUM(I92:I105)/2 -> 785 | J91: =SUM(J92:J105)/2 -> 150 | K91: =SUM(K92:K105)/2 -> 635 | L91: =SUM(L92:L105)/2 -> 6600 | M91: =SUM(M92:M105)/2 -> 115 | N91: =SUM(N92:N105)/2 -> 25 | O91: =SUM(O92:O105)/2 -> 90 | P91: =SUM(P92:P105)/2 -> 70 | ... BH91: =SUM(BH92:BH105)/2 -> 70 | BJ91: =LEFT(C91,2) -> PX | BK91: =SUM(BK92:BK105)/2 -> 600 | BL91: =SUM(BL92:BL105)/2 -> 700 | BM91: =SUM(BM92:BM105)/2 -> 700 | BN91: =SUM(BN92:BN105)/2 -> 2100 | BO91: =SUM(BO92:BO105)/2 -> 800 | BP91: =SUM(BP92:BP105)/2 -> 700 | BQ91: =SUM(BQ92:BQ105)/2 -> 700 | BR91: =SUM(BR92:BR105)/2 -> 2300 | ... BZ91: =SUM(BZ92:BZ105)/2 -> 400 | CB91: =IF(SUM(I91:L91)<>0,"X") -> X | CC91: KT6. | CD91: =CC91&G91 -> KT6. | CE91: =LEFT(C91,2) -> PX | CF91: =CC91&CE91 -> KT6.PX
A92: =#REF! -> #REF! | B92: a | C92: ĐL CBSX | I92: =SUM(I93:I101) -> 640 | J92: =SUM(J93:J101) -> 70 | K92: =SUM(K93:K101) -> 570 | L92: =SUM(L93:L101) -> 6300 | M92: =SUM(M93:M101) -> 100 | N92: =SUM(N93:N101) -> 10 | O92: =SUM(O93:O101) -> 90 | P92: =SUM(P93:P101) -> 70 | ... BH92: =SUM(BH93:BH101) -> 40 | BJ92: =LEFT(C92,2) -> ĐL | BK92: =SUM(BK93:BK101) -> 600 | BL92: =SUM(BL93:BL101) -> 700 | BM92: =SUM(BM93:BM101) -> 700 | BN92: =SUM(BN93:BN101) -> 2100 | BO92: =SUM(BO93:BO101) -> 800 | BP92: =SUM(BP93:BP101) -> 700 | BQ92: =SUM(BQ93:BQ101) -> 700 | BR92: =SUM(BR93:BR101) -> 2200 | ... BZ92: =SUM(BZ93:BZ101) -> 300 | CA92: =I92-V92-AH92-AT92-BF92 -> 0 | CB92: =IF(SUM(I92:L92)<>0,"X") -> X | CC92: =CC91 -> KT6. | CD92: =CC92&G92 -> KT6. | CE92: =LEFT(C92,2) -> ĐL | CF92: =CC92&CE92 -> KT6.ĐL
A93: =A92 -> #REF! | C93: Lò nối +TVPH chợ TT-9-10 | D93: Gỗ | G93: 5.4 | H93: 0.7 | I93: =V93+AH93+AT93+BF93 -> 100 | J93: =W93+AI93+AU93+BG93 -> 10 | K93: =X93+AJ93+AV93+BH93 -> 90 | L93: =BN93+BR93+BV93+BZ93 -> 600 | M93: 100 | N93: 10 | O93: =M93-N93 -> 90 | R93: =P93-Q93 -> 0 | U93: =S93-T93 -> 0 | V93: =M93+P93+S93 -> 100 | W93: =N93+Q93+T93 -> 10 | X93: =O93+R93+U93 -> 90 | AA93: =Y93-Z93 -> 0 | AD93: =AB93-AC93 -> 0 | AG93: =AE93-AF93 -> 0 | AH93: =Y93+AB93+AE93 -> 0 | AI93: =Z93+AC93+AF93 -> 0 | AJ93: =AA93+AD93+AG93 -> 0 | AM93: =AK93-AL93 -> 0 | AP93: =AN93-AO93 -> 0 | AS93: =AQ93-AR93 -> 0 | AT93: =AK93+AN93+AQ93 -> 0 | AU93: =AL93+AO93+AR93 -> 0 | AV93: =AM93+AP93+AS93 -> 0 | AY93: =AW93-AX93 -> 0 | BB93: =AZ93-BA93 -> 0 | BE93: =BC93-BD93 -> 0 | BF93: =AW93+AZ93+BC93 -> 0 | BG93: =AX93+BA93+BD93 -> 0 | BH93: =AY93+BB93+BE93 -> 0 | BJ93: =LEFT(C93,2) -> Lò | BK93: =ROUND(O93*G93*$C$3*$B$5,-2) -> 600 | BL93: =ROUND(R93*G93*$C$3*$B$5,-2) -> 0 | BM93: =ROUND(U93*G93*$C$3*$B$5,-2) -> 0 | BN93: =ROUND(X93*G93*$C$3*$B$5,-2) -> 600 | BO93: =ROUND(AA93*G93*$C$3*$B$5,-2) -> 0 | BP93: =ROUND(AD93*G93*$C$3*$B$5,-2) -> 0 | BQ93: =ROUND(AG93*G93*$C$3*$B$5,-2) -> 0 | BR93: =ROUND(AJ93*G93*$B$5*$C$3,-2) -> 0 | BS93: =ROUND(AM93*G93*$C$3*$B$5,-2) -> 0 | BT93: =ROUND(AP93*G93*$C$3*$B$5,-2) -> 0 | BU93: =ROUND(AS93*G93*$C$3*$B$5,-2) -> 0 | BV93: =ROUND(AV93*G93*$C$3*$B$5,-2) -> 0 | BW93: =ROUND(AY93*G93*$C$3*$B$5,-2) -> 0 | BX93: =ROUND(BB93*G93*$C$3*$B$5,-2) -> 0 | BY93: =ROUND(BE93*G93*$C$3*$B$5,-2) -> 0 | BZ93: =ROUND(BH93*G93*$C$3*$B$5,-2) -> 0 | CB93: =IF(SUM(I93:L93)<>0,"X") -> X | CC93: =CC92 -> KT6. | CD93: =CC93&G93 -> KT6.5,4 | CE93: =LEFT(C93,2) -> Lò | CF93: =CC93&CE93 -> KT6.Lò
A94: =A93 -> #REF! | C94: Lò DVTG chợ TT-9-11/V9-KTT | D94: Neo | E94: Neo | G94: 11.2 | H94: 0.7 | I94: =V94+AH94+AT94+BF94 -> 200 | J94: =W94+AI94+AU94+BG94 -> 30 | K94: =X94+AJ94+AV94+BH94 -> 170 | L94: =BN94+BR94+BV94+BZ94 -> 2300 | O94: =M94-N94 -> 0 | P94: 70 | Q94: 15 | R94: =P94-Q94 -> 55 | S94: 60 | T94: 5 | U94: =S94-T94 -> 55 | V94: =M94+P94+S94 -> 130 | W94: =N94+Q94+T94 -> 20 | X94: =O94+R94+U94 -> 110 | Y94: 70 | Z94: 10 | AA94: =Y94-Z94 -> 60 | AD94: =AB94-AC94 -> 0 | AG94: =AE94-AF94 -> 0 | AH94: =Y94+AB94+AE94 -> 70 | AI94: =Z94+AC94+AF94 -> 10 | AJ94: =AA94+AD94+AG94 -> 60 | AM94: =AK94-AL94 -> 0 | AP94: =AN94-AO94 -> 0 | AS94: =AQ94-AR94 -> 0 | AT94: =AK94+AN94+AQ94 -> 0 | AU94: =AL94+AO94+AR94 -> 0 | AV94: =AM94+AP94+AS94 -> 0 | AY94: =AW94-AX94 -> 0 | BB94: =AZ94-BA94 -> 0 | BE94: =BC94-BD94 -> 0 | BF94: =AW94+AZ94+BC94 -> 0 | BG94: =AX94+BA94+BD94 -> 0 | BH94: =AY94+BB94+BE94 -> 0 | BJ94: =LEFT(C94,2) -> Lò | BK94: =ROUND(O94*G94*$C$3*$B$5,-2) -> 0 | BL94: =ROUND(R94*G94*$C$3*$B$5,-2) -> 700 | BM94: =ROUND(U94*G94*$C$3*$B$5,-2) -> 700 | BN94: =ROUND(X94*G94*$C$3*$B$5,-2) -> 1500 | BO94: =ROUND(AA94*G94*$C$3*$B$5,-2) -> 800 | BP94: =ROUND(AD94*G94*$C$3*$B$5,-2) -> 0 | BQ94: =ROUND(AG94*G94*$C$3*$B$5,-2) -> 0 | BR94: =ROUND(AJ94*G94*$B$5*$C$3,-2) -> 800 | BS94: =ROUND(AM94*G94*$C$3*$B$5,-2) -> 0 | BT94: =ROUND(AP94*G94*$C$3*$B$5,-2) -> 0 | BU94: =ROUND(AS94*G94*$C$3*$B$5,-2) -> 0 | BV94: =ROUND(AV94*G94*$C$3*$B$5,-2) -> 0 | BW94: =ROUND(AY94*G94*$C$3*$B$5,-2) -> 0 | BX94: =ROUND(BB94*G94*$C$3*$B$5,-2) -> 0 | BY94: =ROUND(BE94*G94*$C$3*$B$5,-2) -> 0 | BZ94: =ROUND(BH94*G94*$C$3*$B$5,-2) -> 0 | CB94: =IF(SUM(I94:L94)<>0,"X") -> X | CC94: =CC93 -> KT6. | CD94: =CC94&G94 -> KT6.11,2 | CE94: =LEFT(C94,2) -> Lò | CF94: =CC94&CE94 -> KT6.Lò
A95: =A94 -> #REF! | C95: Lò DVVT chợ TT-9-11/ KTT | D95: Neo | E95: Neo | G95: 11.2 | H95: 0.7 | I95: =V95+AH95+AT95+BF95 -> 200 | J95: =W95+AI95+AU95+BG95 -> 30 | K95: =X95+AJ95+AV95+BH95 -> 170 | L95: =BN95+BR95+BV95+BZ95 -> 2300 | O95: =M95-N95 -> 0 | R95: =P95-Q95 -> 0 | U95: =S95-T95 -> 0 | V95: =M95+P95+S95 -> 0 | W95: =N95+Q95+T95 -> 0 | X95: =O95+R95+U95 -> 0 | AA95: =Y95-Z95 -> 0 | AB95: 55 | AC95: 5 | AD95: =AB95-AC95 -> 50 | AE95: 70 | AF95: 15 | AG95: =AE95-AF95 -> 55 | AH95: =Y95+AB95+AE95 -> 125 | AI95: =Z95+AC95+AF95 -> 20 | AJ95: =AA95+AD95+AG95 -> 105 | AK95: 75 | AL95: 10 | AM95: =AK95-AL95 -> 65 | AP95: =AN95-AO95 -> 0 | AS95: =AQ95-AR95 -> 0 | AT95: =AK95+AN95+AQ95 -> 75 | AU95: =AL95+AO95+AR95 -> 10 | AV95: =AM95+AP95+AS95 -> 65 | AY95: =AW95-AX95 -> 0 | BB95: =AZ95-BA95 -> 0 | BE95: =BC95-BD95 -> 0 | BF95: =AW95+AZ95+BC95 -> 0 | BG95: =AX95+BA95+BD95 -> 0 | BH95: =AY95+BB95+BE95 -> 0 | BJ95: =LEFT(C95,2) -> Lò | BK95: =ROUND(O95*G95*$C$3*$B$5,-2) -> 0 | BL95: =ROUND(R95*G95*$C$3*$B$5,-2) -> 0 | BM95: =ROUND(U95*G95*$C$3*$B$5,-2) -> 0 | BN95: =ROUND(X95*G95*$C$3*$B$5,-2) -> 0 | BO95: =ROUND(AA95*G95*$C$3*$B$5,-2) -> 0 | BP95: =ROUND(AD95*G95*$C$3*$B$5,-2) -> 700 | BQ95: =ROUND(AG95*G95*$C$3*$B$5,-2) -> 700 | BR95: =ROUND(AJ95*G95*$B$5*$C$3,-2) -> 1400 | BS95: =ROUND(AM95*G95*$C$3*$B$5,-2) -> 900 | BT95: =ROUND(AP95*G95*$C$3*$B$5,-2) -> 0 | BU95: =ROUND(AS95*G95*$C$3*$B$5,-2) -> 0 | BV95: =ROUND(AV95*G95*$C$3*$B$5,-2) -> 900 | BW95: =ROUND(AY95*G95*$C$3*$B$5,-2) -> 0 | BX95: =ROUND(BB95*G95*$C$3*$B$5,-2) -> 0 | BY95: =ROUND(BE95*G95*$C$3*$B$5,-2) -> 0 | BZ95: =ROUND(BH95*G95*$C$3*$B$5,-2) -> 0 | CB95: =IF(SUM(I95:L95)<>0,"X") -> X | CC95: =CC94 -> KT6. | CD95: =CC95&G95 -> KT6.11,2 | CE95: =LEFT(C95,2) -> Lò | CF95: =CC95&CE95 -> KT6.Lò
A96: =A95 -> #REF! | C96: Lò thượng KĐ chợ TT-9-11 | D96: Thép | G96: 8.5 | H96: 0.7 | I96: =V96+AH96+AT96+BF96 -> 50 | J96: =W96+AI96+AU96+BG96 -> 0 | K96: =X96+AJ96+AV96+BH96 -> 50 | L96: =BN96+BR96+BV96+BZ96 -> 500 | O96: =M96-N96 -> 0 | R96: =P96-Q96 -> 0 | U96: =S96-T96 -> 0 | V96: =M96+P96+S96 -> 0 | W96: =N96+Q96+T96 -> 0 | X96: =O96+R96+U96 -> 0 | AA96: =Y96-Z96 -> 0 | AD96: =AB96-AC96 -> 0 | AG96: =AE96-AF96 -> 0 | AH96: =Y96+AB96+AE96 -> 0 | AI96: =Z96+AC96+AF96 -> 0 | AJ96: =AA96+AD96+AG96 -> 0 | AM96: =AK96-AL96 -> 0 | AN96: 50 | AP96: =AN96-AO96 -> 50 | AS96: =AQ96-AR96 -> 0 | AT96: =AK96+AN96+AQ96 -> 50 | AU96: =AL96+AO96+AR96 -> 0 | AV96: =AM96+AP96+AS96 -> 50 | AY96: =AW96-AX96 -> 0 | BB96: =AZ96-BA96 -> 0 | BE96: =BC96-BD96 -> 0 | BF96: =AW96+AZ96+BC96 -> 0 | BG96: =AX96+BA96+BD96 -> 0 | BH96: =AY96+BB96+BE96 -> 0 | BJ96: =LEFT(C96,2) -> Lò | BK96: =ROUND(O96*G96*$C$3*$B$5,-2) -> 0 | BL96: =ROUND(R96*G96*$C$3*$B$5,-2) -> 0 | BM96: =ROUND(U96*G96*$C$3*$B$5,-2) -> 0 | BN96: =ROUND(X96*G96*$C$3*$B$5,-2) -> 0 | BO96: =ROUND(AA96*G96*$C$3*$B$5,-2) -> 0 | BP96: =ROUND(AD96*G96*$C$3*$B$5,-2) -> 0 | BQ96: =ROUND(AG96*G96*$C$3*$B$5,-2) -> 0 | BR96: =ROUND(AJ96*G96*$B$5*$C$3,-2) -> 0 | BS96: =ROUND(AM96*G96*$C$3*$B$5,-2) -> 0 | BT96: =ROUND(AP96*G96*$C$3*$B$5,-2) -> 500 | BU96: =ROUND(AS96*G96*$C$3*$B$5,-2) -> 0 | BV96: =ROUND(AV96*G96*$C$3*$B$5,-2) -> 500 | BW96: =ROUND(AY96*G96*$C$3*$B$5,-2) -> 0 | BX96: =ROUND(BB96*G96*$C$3*$B$5,-2) -> 0 | BY96: =ROUND(BE96*G96*$C$3*$B$5,-2) -> 0 | BZ96: =ROUND(BH96*G96*$C$3*$B$5,-2) -> 0 | CB96: =IF(SUM(I96:L96)<>0,"X") -> X | CC96: =CC95 -> KT6. | CD96: =CC96&G96 -> KT6.8,5 | CE96: =LEFT(C96,2) -> Lò | CF96: =CC96&CE96 -> KT6.Lò
A97: =A95 -> #REF! | C97: Lò nối +TVPH chợ TT-9-11 | D97: Gỗ | G97: 5.4 | H97: 0.7 | I97: =V97+AH97+AT97+BF97 -> 50 | J97: =W97+AI97+AU97+BG97 -> 0 | K97: =X97+AJ97+AV97+BH97 -> 50 | L97: =BN97+BR97+BV97+BZ97 -> 300 | O97: =M97-N97 -> 0 | R97: =P97-Q97 -> 0 | U97: =S97-T97 -> 0 | V97: =M97+P97+S97 -> 0 | W97: =N97+Q97+T97 -> 0 | X97: =O97+R97+U97 -> 0 | AA97: =Y97-Z97 -> 0 | AD97: =AB97-AC97 -> 0 | AG97: =AE97-AF97 -> 0 | AH97: =Y97+AB97+AE97 -> 0 | AI97: =Z97+AC97+AF97 -> 0 | AJ97: =AA97+AD97+AG97 -> 0 | AM97: =AK97-AL97 -> 0 | AN97: 50 | AP97: =AN97-AO97 -> 50 | AS97: =AQ97-AR97 -> 0 | AT97: =AK97+AN97+AQ97 -> 50 | AU97: =AL97+AO97+AR97 -> 0 | AV97: =AM97+AP97+AS97 -> 50 | AY97: =AW97-AX97 -> 0 | BB97: =AZ97-BA97 -> 0 | BE97: =BC97-BD97 -> 0 | BF97: =AW97+AZ97+BC97 -> 0 | BG97: =AX97+BA97+BD97 -> 0 | BH97: =AY97+BB97+BE97 -> 0 | BJ97: =LEFT(C97,2) -> Lò | BK97: =ROUND(O97*G97*$C$3*$B$5,-2) -> 0 | BL97: =ROUND(R97*G97*$C$3*$B$5,-2) -> 0 | BM97: =ROUND(U97*G97*$C$3*$B$5,-2) -> 0 | BN97: =ROUND(X97*G97*$C$3*$B$5,-2) -> 0 | BO97: =ROUND(AA97*G97*$C$3*$B$5,-2) -> 0 | BP97: =ROUND(AD97*G97*$C$3*$B$5,-2) -> 0 | BQ97: =ROUND(AG97*G97*$C$3*$B$5,-2) -> 0 | BR97: =ROUND(AJ97*G97*$B$5*$C$3,-2) -> 0 | BS97: =ROUND(AM97*G97*$C$3*$B$5,-2) -> 0 | BT97: =ROUND(AP97*G97*$C$3*$B$5,-2) -> 300 | BU97: =ROUND(AS97*G97*$C$3*$B$5,-2) -> 0 | BV97: =ROUND(AV97*G97*$C$3*$B$5,-2) -> 300 | BW97: =ROUND(AY97*G97*$C$3*$B$5,-2) -> 0 | BX97: =ROUND(BB97*G97*$C$3*$B$5,-2) -> 0 | BY97: =ROUND(BE97*G97*$C$3*$B$5,-2) -> 0 | BZ97: =ROUND(BH97*G97*$C$3*$B$5,-2) -> 0 | CB97: =IF(SUM(I97:L97)<>0,"X") -> X | CC97: =CC95 -> KT6. | CD97: =CC97&G97 -> KT6.5,4 | CE97: =LEFT(C97,2) -> Lò | CF97: =CC97&CE97 -> KT6.Lò
A98: =A97 -> #REF! | C98: Lò DVPT chợ TT-9-11 | D98: Thép | G98: 8.5 | H98: 0.7 | I98: =V98+AH98+AT98+BF98 -> 0 | J98: =W98+AI98+AU98+BG98 -> 0 | K98: =X98+AJ98+AV98+BH98 -> 0 | L98: =BN98+BR98+BV98+BZ98 -> 0 | O98: =M98-N98 -> 0 | R98: =P98-Q98 -> 0 | U98: =S98-T98 -> 0 | V98: =M98+P98+S98 -> 0 | W98: =N98+Q98+T98 -> 0 | X98: =O98+R98+U98 -> 0 | AA98: =Y98-Z98 -> 0 | AD98: =AB98-AC98 -> 0 | AG98: =AE98-AF98 -> 0 | AH98: =Y98+AB98+AE98 -> 0 | AI98: =Z98+AC98+AF98 -> 0 | AJ98: =AA98+AD98+AG98 -> 0 | AM98: =AK98-AL98 -> 0 | AP98: =AN98-AO98 -> 0 | AS98: =AQ98-AR98 -> 0 | AT98: =AK98+AN98+AQ98 -> 0 | AU98: =AL98+AO98+AR98 -> 0 | AV98: =AM98+AP98+AS98 -> 0 | AY98: =AW98-AX98 -> 0 | BB98: =AZ98-BA98 -> 0 | BE98: =BC98-BD98 -> 0 | BF98: =AW98+AZ98+BC98 -> 0 | BG98: =AX98+BA98+BD98 -> 0 | BH98: =AY98+BB98+BE98 -> 0 | BJ98: =LEFT(C98,2) -> Lò | BK98: =ROUND(O98*G98*$C$3*$B$5,-2) -> 0 | BL98: =ROUND(R98*G98*$C$3*$B$5,-2) -> 0 | BM98: =ROUND(U98*G98*$C$3*$B$5,-2) -> 0 | BN98: =ROUND(X98*G98*$C$3*$B$5,-2) -> 0 | BO98: =ROUND(AA98*G98*$C$3*$B$5,-2) -> 0 | BP98: =ROUND(AD98*G98*$C$3*$B$5,-2) -> 0 | BQ98: =ROUND(AG98*G98*$C$3*$B$5,-2) -> 0 | BR98: =ROUND(AJ98*G98*$B$5*$C$3,-2) -> 0 | BS98: =ROUND(AM98*G98*$C$3*$B$5,-2) -> 0 | BT98: =ROUND(AP98*G98*$C$3*$B$5,-2) -> 0 | BU98: =ROUND(AS98*G98*$C$3*$B$5,-2) -> 0 | BV98: =ROUND(AV98*G98*$C$3*$B$5,-2) -> 0 | BW98: =ROUND(AY98*G98*$C$3*$B$5,-2) -> 0 | BX98: =ROUND(BB98*G98*$C$3*$B$5,-2) -> 0 | BY98: =ROUND(BE98*G98*$C$3*$B$5,-2) -> 0 | BZ98: =ROUND(BH98*G98*$C$3*$B$5,-2) -> 0 | CB98: =IF(SUM(I98:L98)<>0,"X") -> FALSE | CC98: =CC97 -> KT6. | CD98: =CC98&G98 -> KT6.8,5 | CE98: =LEFT(C98,2) -> Lò | CF98: =CC98&CE98 -> KT6.Lò
A99: =A98 -> #REF! | C99: Lò DVPT chợ TT-9-12A | D99: Thép | G99: 8.5 | H99: 0.7 | I99: =V99+AH99+AT99+BF99 -> 0 | J99: =W99+AI99+AU99+BG99 -> 0 | K99: =X99+AJ99+AV99+BH99 -> 0 | L99: =BN99+BR99+BV99+BZ99 -> 0 | O99: =M99-N99 -> 0 | R99: =P99-Q99 -> 0 | U99: =S99-T99 -> 0 | V99: =M99+P99+S99 -> 0 | W99: =N99+Q99+T99 -> 0 | X99: =O99+R99+U99 -> 0 | AA99: =Y99-Z99 -> 0 | AD99: =AB99-AC99 -> 0 | AG99: =AE99-AF99 -> 0 | AH99: =Y99+AB99+AE99 -> 0 | AI99: =Z99+AC99+AF99 -> 0 | AJ99: =AA99+AD99+AG99 -> 0 | AM99: =AK99-AL99 -> 0 | AP99: =AN99-AO99 -> 0 | AS99: =AQ99-AR99 -> 0 | AT99: =AK99+AN99+AQ99 -> 0 | AU99: =AL99+AO99+AR99 -> 0 | AV99: =AM99+AP99+AS99 -> 0 | AY99: =AW99-AX99 -> 0 | BB99: =AZ99-BA99 -> 0 | BE99: =BC99-BD99 -> 0 | BF99: =AW99+AZ99+BC99 -> 0 | BG99: =AX99+BA99+BD99 -> 0 | BH99: =AY99+BB99+BE99 -> 0 | BJ99: =LEFT(C99,2) -> Lò | BK99: =ROUND(O99*G99*$C$3*$B$5,-2) -> 0 | BL99: =ROUND(R99*G99*$C$3*$B$5,-2) -> 0 | BM99: =ROUND(U99*G99*$C$3*$B$5,-2) -> 0 | BN99: =ROUND(X99*G99*$C$3*$B$5,-2) -> 0 | BO99: =ROUND(AA99*G99*$C$3*$B$5,-2) -> 0 | BP99: =ROUND(AD99*G99*$C$3*$B$5,-2) -> 0 | BQ99: =ROUND(AG99*G99*$C$3*$B$5,-2) -> 0 | BR99: =ROUND(AJ99*G99*$B$5*$C$3,-2) -> 0 | BS99: =ROUND(AM99*G99*$C$3*$B$5,-2) -> 0 | BT99: =ROUND(AP99*G99*$C$3*$B$5,-2) -> 0 | BU99: =ROUND(AS99*G99*$C$3*$B$5,-2) -> 0 | BV99: =ROUND(AV99*G99*$C$3*$B$5,-2) -> 0 | BW99: =ROUND(AY99*G99*$C$3*$B$5,-2) -> 0 | BX99: =ROUND(BB99*G99*$C$3*$B$5,-2) -> 0 | BY99: =ROUND(BE99*G99*$C$3*$B$5,-2) -> 0 | BZ99: =ROUND(BH99*G99*$C$3*$B$5,-2) -> 0 | CB99: =IF(SUM(I99:L99)<>0,"X") -> FALSE | CC99: =CC98 -> KT6. | CD99: =CC99&G99 -> KT6.8,5 | CE99: =LEFT(C99,2) -> Lò | CF99: =CC99&CE99 -> KT6.Lò
A100: =A99 -> #REF! | C100: Lò nối +TVPH chợ TT-9-12B | D100: Gỗ | G100: 5.4 | H100: 0.7 | I100: =V100+AH100+AT100+BF100 -> 40 | J100: =W100+AI100+AU100+BG100 -> 0 | K100: =X100+AJ100+AV100+BH100 -> 40 | L100: =BN100+BR100+BV100+BZ100 -> 300 | O100: =M100-N100 -> 0 | R100: =P100-Q100 -> 0 | U100: =S100-T100 -> 0 | V100: =M100+P100+S100 -> 0 | W100: =N100+Q100+T100 -> 0 | X100: =O100+R100+U100 -> 0 | AA100: =Y100-Z100 -> 0 | AD100: =AB100-AC100 -> 0 | AG100: =AE100-AF100 -> 0 | AH100: =Y100+AB100+AE100 -> 0 | AI100: =Z100+AC100+AF100 -> 0 | AJ100: =AA100+AD100+AG100 -> 0 | AM100: =AK100-AL100 -> 0 | AP100: =AN100-AO100 -> 0 | AS100: =AQ100-AR100 -> 0 | AT100: =AK100+AN100+AQ100 -> 0 | AU100: =AL100+AO100+AR100 -> 0 | AV100: =AM100+AP100+AS100 -> 0 | AY100: =AW100-AX100 -> 0 | BB100: =AZ100-BA100 -> 0 | BC100: 40 | BE100: =BC100-BD100 -> 40 | BF100: =AW100+AZ100+BC100 -> 40 | BG100: =AX100+BA100+BD100 -> 0 | BH100: =AY100+BB100+BE100 -> 40 | BJ100: =LEFT(C100,2) -> Lò | BK100: =ROUND(O100*G100*$C$3*$B$5,-2) -> 0 | BL100: =ROUND(R100*G100*$C$3*$B$5,-2) -> 0 | BM100: =ROUND(U100*G100*$C$3*$B$5,-2) -> 0 | BN100: =ROUND(X100*G100*$C$3*$B$5,-2) -> 0 | BO100: =ROUND(AA100*G100*$C$3*$B$5,-2) -> 0 | BP100: =ROUND(AD100*G100*$C$3*$B$5,-2) -> 0 | BQ100: =ROUND(AG100*G100*$C$3*$B$5,-2) -> 0 | BR100: =ROUND(AJ100*G100*$B$5*$C$3,-2) -> 0 | BS100: =ROUND(AM100*G100*$C$3*$B$5,-2) -> 0 | BT100: =ROUND(AP100*G100*$C$3*$B$5,-2) -> 0 | BU100: =ROUND(AS100*G100*$C$3*$B$5,-2) -> 0 | BV100: =ROUND(AV100*G100*$C$3*$B$5,-2) -> 0 | BW100: =ROUND(AY100*G100*$C$3*$B$5,-2) -> 0 | BX100: =ROUND(BB100*G100*$C$3*$B$5,-2) -> 0 | BY100: =ROUND(BE100*G100*$C$3*$B$5,-2) -> 300 | BZ100: =ROUND(BH100*G100*$C$3*$B$5,-2) -> 300 | CB100: =IF(SUM(I100:L100)<>0,"X") -> X | CC100: =CC99 -> KT6. | CD100: =CC100&G100 -> KT6.5,4 | CE100: =LEFT(C100,2) -> Lò | CF100: =CC100&CE100 -> KT6.Lò
A101: =A100 -> #REF! | D101: Thép | G101: 8.5 | H101: 0.7 | I101: =V101+AH101+AT101+BF101 -> 0 | J101: =W101+AI101+AU101+BG101 -> 0 | K101: =X101+AJ101+AV101+BH101 -> 0 | L101: =BN101+BR101+BV101+BZ101 -> 0 | O101: =M101-N101 -> 0 | R101: =P101-Q101 -> 0 | U101: =S101-T101 -> 0 | V101: =M101+P101+S101 -> 0 | W101: =N101+Q101+T101 -> 0 | X101: =O101+R101+U101 -> 0 | AA101: =Y101-Z101 -> 0 | AD101: =AB101-AC101 -> 0 | AG101: =AE101-AF101 -> 0 | AH101: =Y101+AB101+AE101 -> 0 | AI101: =Z101+AC101+AF101 -> 0 | AJ101: =AA101+AD101+AG101 -> 0 | AM101: =AK101-AL101 -> 0 | AP101: =AN101-AO101 -> 0 | AS101: =AQ101-AR101 -> 0 | AT101: =AK101+AN101+AQ101 -> 0 | AU101: =AL101+AO101+AR101 -> 0 | AV101: =AM101+AP101+AS101 -> 0 | AY101: =AW101-AX101 -> 0 | BB101: =AZ101-BA101 -> 0 | BE101: =BC101-BD101 -> 0 | BF101: =AW101+AZ101+BC101 -> 0 | BG101: =AX101+BA101+BD101 -> 0 | BH101: =AY101+BB101+BE101 -> 0 | BJ101: =LEFT(C101,2) | BK101: =ROUND(O101*G101*$C$3*$B$5,-2) -> 0 | BL101: =ROUND(R101*G101*$C$3*$B$5,-2) -> 0 | BM101: =ROUND(U101*G101*$C$3*$B$5,-2) -> 0 | BN101: =ROUND(X101*G101*$C$3*$B$5,-2) -> 0 | BO101: =ROUND(AA101*G101*$C$3*$B$5,-2) -> 0 | BP101: =ROUND(AD101*G101*$C$3*$B$5,-2) -> 0 | BQ101: =ROUND(AG101*G101*$C$3*$B$5,-2) -> 0 | BR101: =ROUND(AJ101*G101*$B$5*$C$3,-2) -> 0 | BS101: =ROUND(AM101*G101*$C$3*$B$5,-2) -> 0 | BT101: =ROUND(AP101*G101*$C$3*$B$5,-2) -> 0 | BU101: =ROUND(AS101*G101*$C$3*$B$5,-2) -> 0 | BV101: =ROUND(AV101*G101*$C$3*$B$5,-2) -> 0 | BW101: =ROUND(AY101*G101*$C$3*$B$5,-2) -> 0 | BX101: =ROUND(BB101*G101*$C$3*$B$5,-2) -> 0 | BY101: =ROUND(BE101*G101*$C$3*$B$5,-2) -> 0 | BZ101: =ROUND(BH101*G101*$C$3*$B$5,-2) -> 0 | CB101: =IF(SUM(I101:L101)<>0,"X") -> FALSE | CC101: =CC100 -> KT6. | CD101: =CC101&G101 -> KT6.8,5 | CE101: =LEFT(C101,2) | CF101: =CC101&CE101 -> KT6.
...

Sheet KH_LC
C1: TẬP ĐOÀ CN THAN-KHOÁNG SẢN VIỆT NAM | AC1: CỘNG HOÀ XÃ HỘI CHỦ NGHĨA VIỆT NAM | AO1: CGH1-quý I | AP1: Than 1 | AQ1: =V22 -> 179000
C2: CÔNG TY THAN DƯƠNG HUY-TKV | X2: =(AA19+AE19)/2500000 -> 0.5196 | AA2: =AA19+AE19+AI19+AM19 -> 2500000 | AC2: Độc lập-Tự do-Hạnh phúc | AO2: ĐL5-Quý II | AP2: Than 2 | AQ2: =V36 -> 162300
V3: 85 | X3: 22000 | Y3: =30/0.8 -> 37.5 | Z3: =Y3/2 -> 18.75 | AC3: Quảng Ninh, ngày: /10/2026 | AP3: Than 3 | AQ3: 120000
D4: CGH2 | F4: =115*4*2.5*0.63*1.63*0.95 -> 1121.8882 | G4: =F4*3 -> 3365.6647 | V4: =X4*V3/22000 -> 27.045455 | X4: 7000 | Y4: =(210*2.2*0.8*1.61*0.95)+(0*2.07*0.8*1.61*0.7) -> 565.3032 | Z4: 700 | AA4: 650
D5: CGH1 | F5: =115*4*3.22*0.63*1.63*0.95 -> 1444.9921 | G5: =115*4*3.6*0.63*1.63*0.95 -> 1615.5191
D6: CGH1 | F6: =115*4*3.08*0.63*1.63*0.95 -> 1382.1663 | G6: =115*5*3.6*0.63*1.63*0.95 -> 2019.3988 | V6: =V4/0.8 -> 33.806818 | X6: =V6/3 -> 11.268939 | Y6: =(Y4-250)*7 -> 2207.1224 | Z6: =($Y$4-150)*Y17 -> 6644.8512 | AA6: =($Y$4-200)*Z17 -> 9863.1864 | AB6: =$Y$4*AA17 -> 38440.618 | AC6: =$AA$4*AB17 -> 15600 | AD6: =($Z$4-100)*AC17 -> 15000 | AE6: =($AA$4-50)*AD17 -> 15600 | AF6: =($AA$4-50)*AF17 -> 16200 | AG6: =($AA$4-50)*AG17 -> 15600 | AH6: =($AA$4-50)*AH17 -> 15000 | AI6: =($Z$4115)*AH17 -> 0 | AJ6: =($AA$4-50)*AJ17 -> 15600 | AK6: =($AA$4-20)*AK17 -> 15120 | AL6: =($AA$4-20)*AL17 -> 13860 | AP6: Than 5 | AQ6: =V74 -> 128000
D7: t9 | F7: =105*2.2*0.8*1.63*0.95+105*0.98*0.8*1.63*0.7 -> 380.08992
F8: =180*2.2*0.8*0.95*1.63 -> 490.5648
D9: ZRY | F9: =30*0.8*3.84*0.9*1.63*3 -> 405.59616 | G9: =360*74 -> 26640
F10: =70*2.02*0.8*1.65*0.95*3 -> 531.9468
B11: KẾ HOẠCH SẢN LƯỢNG NĂM 2027 | AO11: =11233-AO15 -> 3323 | AP11: Than 6 | AQ11: =V87 -> 170000 | AS11: =47000/6 -> 7833.3333
AG12: Lò chợ N-8-3 | AN12: =9*8+86 -> 158 | AP12: CGH2 | AQ12: =V99 -> 340000
X13: Theo quý | Y13: =AA19+AE19+AI19+AM19 -> 2500000 | AG13: Lò chợ TT-12-7 | AP13: CGH1 | AQ13: =V109 -> 430000
X14: Theo tháng | Y14: =X19+Y19+Z19+AB19+AC19+AD19+AF19+AG19+AH19+AJ19+AK19+AL19 -> 2499900 | Z14: =Y13-Y14 -> 100 | AN14: =1350000-AN19 -> 1350000 | AP14: Than 8 | AQ14: =V63 -> 179900
B15: TT | C15: PX, LÒ CHỢ | D15: Thông số tính trữ lượng | K15: Công nghệ | L15: Thông số lò chợ | V15: SL 2027 (tấn) | W15: SL còn lại (tấn) | X15: Lịch thực hiện KH năm 2027 | AN15: Ghi chú | AO15: =7160+750 -> 7910 | AP15: Than 9 | AQ15: =V119 -> 173700
D16: S-chiếu | E16: a | F16: Lp | G16: Ld | H16: mv | I16: g | J16: Q | L16: S-chiếu | M16: a | N16: Lp | O16: Lc | P16: mv | Q16: mk | R16: mth | S16: g | T16: Qk | U16: Qth | X16: T1 | Y16: T2 | Z16: T3 | AA16: QI | AB16: T4 | AC16: T5 | AD16: T6 | AE16: QII | AF16: T7 | AG16: T8 | AH16: T9 | AI16: QIII | AJ16: T10 | AK16: T11 | AL16: T12 | AM16: QIV | AP16: Than 10 | AQ16: =V133 -> 178600
C17: Số ngày làm việc | X17: 25 | Y17: 16 | Z17: 27 | AA17: =X17+Y17+Z17 -> 68 | AB17: 24 | AC17: 25 | AD17: 26 | AE17: =AB17+AC17+AD17 -> 75 | AF17: 27 | AG17: 26 | AH17: 25 | AI17: =AF17+AG17+AH17 -> 78 | AJ17: 26 | AK17: 24 | AL17: 22 | AM17: =AJ17+AK17+AL17 -> 72 | AN17: =AA17+AE17+AI17+AM17 -> 293 | AO17: Theo kế hoạch số: KH-TCLĐ | AP17: Than 11 | AQ17: =V143 -> 168300
B18: 1 | C18: 2 | F18: 3 | G18: 4 | H18: 6 | V18: 7 | X18: 8 | Y18: 9 | Z18: 10 | AB18: 11 | AC18: 12 | AD18: 13 | AF18: 14 | AG18: 15 | AH18: 16 | AJ18: 17 | AK18: 18 | AL18: 19 | AR18: =SUM(AQ1:AQ17) -> 2229800 | AS18: Tổng
A19: a | C19: TỔNG | V19: =AA19+AE19+AI19+AM19 -> 2500000 | X19: =X21+X20 -> 232400 | Y19: =Y21+Y20 -> 151600 | Z19: =Z21+Z20 -> 239100 | AA19: =AA21+AA20 -> 623100 | AB19: =AB21+AB20 -> 210700 | AC19: =AC21+AC20 -> 218200 | AD19: =AD21+AD20 -> 246900 | AE19: =AE21+AE20 -> 675900 | ... AM19: =AM21+AM20 -> 594900 | AO19: =(AA19+AE19)*100/2500000 -> 51.96 | AP19: % | AQ19: =+(AA19+AE19+150000)*100/2500000 -> 57.96
A20: =A19 -> a | C20: SL đào, xén lò | V20: =AA20+AE20+AI20+AM20 -> 283700 | X20: =ROUND((X23+X35+X45+X62+X73+X86+X98+X108+X118+X132+X142+X154+X158+X162+X166+X170+X174+X178+X182),-2) -> 25200 | Y20: =ROUND((Y23+Y35+Y45+Y62+Y73+Y86+Y98+Y108+Y118+Y132+Y142+Y154+Y158+Y162+Y166+Y170+Y174+Y178+Y182),-2) -> 19500 | Z20: =ROUND((Z23+Z35+Z45+Z62+Z73+Z86+Z98+Z108+Z118+Z132+Z142+Z154+Z158+Z162+Z166+Z170+Z174+Z178+Z182),-2) -> 27200 | AA20: =ROUND((AA23+AA35+AA45+AA62+AA73+AA86+AA98+AA108+AA118+AA132+AA142+AA154+AA158+AA162+AA166+AA170+AA174+AA178+AA182),-2) -> 71900 | AB20: =ROUND((AB23+AB35+AB45+AB62+AB73+AB86+AB98+AB108+AB118+AB132+AB142+AB154+AB158+AB162+AB166+AB170+AB174+AB178+AB182),-2) -> 27900 | AC20: =ROUND((AC23+AC35+AC45+AC62+AC73+AC86+AC98+AC108+AC118+AC132+AC142+AC154+AC158+AC162+AC166+AC170+AC174+AC178+AC182),-2) -> 27800 | AD20: =ROUND((AD23+AD35+AD45+AD62+AD73+AD86+AD98+AD108+AD118+AD132+AD142+AD154+AD158+AD162+AD166+AD170+AD174+AD178+AD182),-2) -> 27500 | AE20: =ROUND((AE23+AE35+AE45+AE62+AE73+AE86+AE98+AE108+AE118+AE132+AE142+AE154+AE158+AE162+AE166+AE170+AE174+AE178+AE182),-2) -> 83300 | ... AM20: =ROUND((AM23+AM35+AM45+AM62+AM73+AM86+AM98+AM108+AM118+AM132+AM142+AM154+AM158+AM162+AM166+AM170+AM174+AM178+AM182),-2) -> 53800
A21: =A19 -> a | C21: KT Lò chợ | V21: =AA21+AE21+AI21+AM21 -> 2216300 | X21: =ROUND((X24+X36+X46+X63+X74+X87+X99+X109+X119+X133+X143),-2) -> 207200 | Y21: =ROUND((Y24+Y36+Y46+Y63+Y74+Y87+Y99+Y109+Y119+Y133+Y143),-2) -> 132100 | Z21: =ROUND((Z24+Z36+Z46+Z63+Z74+Z87+Z99+Z109+Z119+Z133+Z143),-2) -> 211900 | AA21: =ROUND((AA24+AA36+AA46+AA63+AA74+AA87+AA99+AA109+AA119+AA133+AA143),-2) -> 551200 | AB21: =ROUND((AB24+AB36+AB46+AB63+AB74+AB87+AB99+AB109+AB119+AB133+AB143),-2) -> 182800 | AC21: =ROUND((AC24+AC36+AC46+AC63+AC74+AC87+AC99+AC109+AC119+AC133+AC143),-2) -> 190400 | AD21: =ROUND((AD24+AD36+AD46+AD63+AD74+AD87+AD99+AD109+AD119+AD133+AD143),-2) -> 219400 | AE21: =ROUND((AE24+AE36+AE46+AE63+AE74+AE87+AE99+AE109+AE119+AE133+AE143),-2) -> 592600 | ... AM21: =ROUND((AM24+AM36+AM46+AM63+AM74+AM87+AM99+AM109+AM119+AM133+AM143),-2) -> 541100
A22: =A20 -> a | B22: 1 | C22: PX KT1 | V22: =V23+V24 -> 179000 | X22: =X23+X24 -> 16800 | Y22: =Y23+Y24 -> 10600 | Z22: =Z23+Z24 -> 17300 | AA22: =AA23+AA24 -> 44700 | AB22: =AB23+AB24 -> 15700 | AC22: =AC23+AC24 -> 16400 | AD22: =AD23+AD24 -> 17000 | AE22: =AE23+AE24 -> 49100 | ... AM22: =AM23+AM24 -> 41100 | AN22: =V22/$AN$17 -> 610.9215 | AO22: KT1. | AP22: =AO22&K22 -> KT1. | AQ22: =AO22&C22 -> KT1.PX KT1
A23: =A21 -> a | B23: a | C23: SL đào, xén lò | K23: ĐX | V23: =AA23+AE23+AI23+AM23 -> 8900 | X23: =KH_ĐL!BK17 -> 1300 | Y23: =KH_ĐL!BL17 -> 500 | Z23: =KH_ĐL!BM17 -> 1100 | AA23: =KH_ĐL!BN17 -> 2900 | AB23: =KH_ĐL!BO17 -> 600 | AC23: =KH_ĐL!BP17 -> 600 | AD23: =KH_ĐL!BQ17 -> 600 | AE23: =KH_ĐL!BR17 -> 1800 | ... AM23: =KH_ĐL!BZ17 -> 1500 | AO23: =AO22 -> KT1. | AP23: =AO23&K23 -> KT1.ĐX | AQ23: =AO23&C23 -> KT1.SL đào, xén lò
A24: =A22 -> a | B24: b | C24: KT Lò chợ | V24: =SUM(V25:V33) -> 170100 | W24: =SUM(W25:W33) -> 4900 | X24: =SUM(X25:X33) -> 15500 | Y24: =SUM(Y25:Y33) -> 10100 | Z24: =SUM(Z25:Z33) -> 16200 | AA24: =SUM(AA25:AA33) -> 41800 | AB24: =SUM(AB25:AB33) -> 15100 | AC24: =SUM(AC25:AC33) -> 15800 | ... AM24: =SUM(AM25:AM33) -> 39600 | AO24: =AO23 -> KT1. | AP24: =AO24&K24 -> KT1. | AQ24: =AO24&C24 -> KT1.KT Lò chợ
A25: =A22 -> a | C25: LC N-8-3/V8-KN(D1) | E25: 32 | F25: =1/COS($E25*PI()/180)*$D25/G25 -> 0 | G25: 37 | H25: 4.27 | I25: 1.61 | J25: =ROUND(1/COS($E25*PI()/180)*$D25*H25*I25,-2) -> 0 | K25: GK | L25: =D25 -> 0 | M25: =E25 -> 32 | O25: =G25 -> 37 | P25: =H25 -> 4.27 | Q25: 2.2 | R25: =P25-Q25 -> 2.07 | S25: =I25 -> 1.61 | V25: =AA25+AE25+AI25+AM25 -> 0 | W25: =J25-V25 -> 0 | AA25: =SUM(X25:Z25) -> 0 | AE25: =SUM(AB25:AD25) -> 0 | AI25: =SUM(AF25:AH25) -> 0 | AM25: =SUM(AJ25:AL25) -> 0 | AO25: =AO24 -> KT1. | AP25: =AO25&K25 -> KT1.GK | AQ25: =AO25&C25 -> KT1.LC N-8-3/V8-KN(D1)
A26: =A23 -> a | C26: LC N-8-3/V8-KN(D2) | D26: 20800 | E26: 35 | F26: =1/COS($E26*PI()/180)*$D26/G26 -> 298.73072 | G26: 85 | H26: 4.27 | I26: 1.61 | J26: =ROUND(1/COS($E26*PI()/180)*$D26*H26*I26,-3) -> 175000 | K26: GK | L26: =D26 -> 20800 | M26: =E26 -> 35 | O26: =G26 -> 85 | P26: =H26 -> 4.27 | Q26: 2.2 | R26: =P26-Q26 -> 2.07 | S26: =I26 -> 1.61 | V26: =AA26+AE26+AI26+AM26 -> 170100 | W26: =J26-V26 -> 4900 | X26: =ROUND(620*X17,-2) -> 15500 | Y26: =ROUND(630*Y17,-2) -> 10100 | Z26: =ROUND(600*27,-2) -> 16200 | AA26: =SUM(X26:Z26) -> 41800 | AB26: =ROUND(630*AB17,-2) -> 15100 | AC26: =ROUND(630*AC17,-2) -> 15800 | AD26: =ROUND(630*AD17,-2) -> 16400 | AE26: =SUM(AB26:AD26) -> 47300 | AF26: =ROUND(530*AF17,-2) -> 14300 | AG26: =ROUND(530*AG17,-2) -> 13800 | AH26: =ROUND(530*AH17,-2) -> 13300 | AI26: =SUM(AF26:AH26) -> 41400 | AJ26: =ROUND(550*AJ17,-2) -> 14300 | AK26: =ROUND(550*AK17,-2) -> 13200 | AL26: =ROUND(550*AL17,-2) -> 12100 | AM26: =SUM(AJ26:AL26) -> 39600 | AN26: =(V26+V25)/AN17 -> 580.54608 | AO26: =AO25 -> KT1. | AP26: =AO26&K26 -> KT1.GK | AQ26: =AO26&C26 -> KT1.LC N-8-3/V8-KN(D2)
A27: =A24 -> a | C27: LC TT-10-17/V10TT | F27: =1/COS($E27*PI()/180)*$D27/G27 -> #DIV/0! | H27: 2.2 | I27: 1.63 | J27: =ROUND(1/COS($E27*PI()/180)*$D27*H27*I27,-3) -> 0 | K27: GK | L27: =D27 -> 0 | M27: =E27 -> 0 | O27: =G27 -> 0 | P27: =H27 -> 2.2 | Q27: 2.2 | R27: =P27-Q27 -> 0 | S27: =I27 -> 1.63 | V27: =AA27+AE27+AI27+AM27 -> 0 | AA27: =SUM(X27:Z27) -> 0 | AI27: =SUM(AF27:AH27) -> 0 | AM27: =SUM(AJ27:AL27) -> 0 | AP27: =AO27&K27 -> GK | AQ27: =AO27&C27 -> LC TT-10-17/V10TT
A28: =A23 -> a | C28: LC TT-5-4A/V5TT | D28: 48248 | E28: 25 | F28: =1/COS($E28*PI()/180)*$D28/G28 -> 532.35778 | G28: 100 | H28: 3.29 | I28: 1.63 | J28: =ROUND(1/COS($E28*PI()/180)*$D28*H28*I28,-3) -> 285000 | K28: GK | L28: =D28 -> 48248 | M28: =E28 -> 25 | N28: =ROUND(V28/J28*F28,0) -> 0 | O28: =G28 -> 100 | P28: =H28 -> 3.29 | Q28: 2.2 | R28: =P28-Q28 -> 1.09 | S28: =I28 -> 1.63 | T28: =V28-U28 -> 0 | U28: =ROUND(N28*O28*R28*S28*0.75,-3) -> 0 | V28: =AA28+AE28+AI28+AM28 -> 0 | AA28: =SUM(X28:Z28) -> 0 | AI28: =SUM(AF28:AH28) -> 0 | AM28: =SUM(AJ28:AL28) -> 0 | AP28: =AO28&K28 -> GK | AQ28: =AO28&C28 -> LC TT-5-4A/V5TT
A29: =A24 -> a | B29: DP | E29: 20 | F29: =1/COS($E29*PI()/180)*$D29/G29 -> #DIV/0! | H29: 2.2 | I29: 1.63 | J29: =ROUND(1/COS($E29*PI()/180)*$D29*H29*I29,-2) -> 0 | L29: =D29 -> 0 | M29: =E29 -> 20 | O29: =G29 -> 0 | P29: =H29 -> 2.2 | Q29: 2.2 | R29: =P29-Q29 -> 0 | S29: =I29 -> 1.63 | T29: =ROUND(N29*O29*Q29*0.95*S29,-3) -> 0 | U29: =V29-T29 -> 0 | V29: =AA29+AE29+AI29+AM29 -> 0 | AA29: =SUM(X29:Z29) -> 0 | AE29: =SUM(AB29:AD29) -> 0 | AI29: =SUM(AF29:AH29) -> 0 | AM29: =SUM(AJ29:AL29) -> 0 | AO29: =AO28 -> 0 | AP29: =AO29&K29 -> 0 | AQ29: =AO29&C29 -> 0
A30: =A28 -> a | B30: DP | D30: 10621 | E30: =E25 -> 32 | F30: =1/COS($E30*PI()/180)*$D30/G30 -> 166.98738 | G30: 75 | H30: =H25 -> 4.27 | I30: 1.63 | J30: =ROUND(1/COS($E30*PI()/180)*$D30*H30*I30,-2) -> 87200 | L30: =D30 -> 10621 | M30: =E30 -> 32 | O30: =G30 -> 75 | P30: =H30 -> 4.27 | Q30: 2.2 | R30: =P30-Q30 -> 2.07 | S30: =I30 -> 1.63 | V30: =AA30+AE30+AI30+AM30 -> 0 | AA30: =SUM(X30:Z30) -> 0 | AE30: =SUM(AB30:AD30) -> 0 | AI30: =SUM(AF30:AH30) -> 0 | AM30: =SUM(AJ30:AL30) -> 0 | AO30: =AO29 -> 0 | AP30: =AO30&K30 -> 0 | AQ30: =AO30&C30 -> 0
A31: =A29 -> a | B31: DP | D31: 32617 | E31: 20 | F31: =1/COS($E31*PI()/180)*$D31/G31 -> #DIV/0! | H31: 3.5 | I31: 1.63 | J31: =ROUND(1/COS($E31*PI()/180)*$D31*H31*I31,-2) -> 198000 | L31: =D31 -> 32617 | M31: =E31 -> 20 | O31: =G31 -> 0 | P31: =H31 -> 3.5 | Q31: 2.2 | R31: =P31-Q31 -> 1.3 | S31: =I31 -> 1.63 | V31: =AA31+AE31+AI31+AM31 -> 0 | AA31: =SUM(X31:Z31) -> 0 | AE31: =SUM(AB31:AD31) -> 0 | AI31: =SUM(AF31:AH31) -> 0 | AM31: =SUM(AJ31:AL31) -> 0 | AO31: =AO30 -> 0 | AP31: =AO31&K31 -> 0 | AQ31: =AO31&C31 -> 0
A32: =A30 -> a | D32: 8000 | E32: 25 | F32: =1/COS($E32*PI()/180)*$D32/G32 -> 88.270234 | G32: 100 | H32: 3.29 | I32: 1.63 | J32: =ROUND(1/COS($E32*PI()/180)*$D32*H32*I32,-3) -> 47000 | V32: =AA32+AE32+AI32+AM32 -> 0 | AA32: =SUM(X32:Z32) -> 0 | AE32: =SUM(AB32:AD32) -> 0 | AI32: =SUM(AF32:AH32) -> 0 | AM32: =SUM(AJ32:AL32) -> 0 | AO32: =AO31 -> 0 | AP32: =AO32&K32 -> 0 | AQ32: =AO32&C32 -> 0
A33: =A31 -> a | V33: =AA33+AE33+AI33+AM33 -> 0 | AA33: =SUM(X33:Z33) -> 0 | AE33: =SUM(AB33:AD33) -> 0 | AI33: =SUM(AF33:AH33) -> 0 | AM33: =SUM(AJ33:AL33) -> 0 | AO33: =AO32 -> 0 | AP33: =AO33&K33 -> 0 | AQ33: =AO33&C33 -> 0
A34: =A32 -> a | B34: 2 | C34: PX KT2 | V34: =AA34+AE34+AI34+AM34 -> 165000 | X34: =X35+X36 -> 14700 | Y34: =Y35+Y36 -> 9200 | Z34: =Z35+Z36 -> 15600 | AA34: =AA35+AA36 -> 39500 | AB34: =AB35+AB36 -> 15100 | AC34: =AC35+AC36 -> 15000 | AD34: =AD35+AD36 -> 14400 | AE34: =AE35+AE36 -> 44500 | ... AM34: =AM35+AM36 -> 39600 | AN34: =V34/$AN$17 -> 563.13993 | AO34: KT2. | AP34: =AO34&K34 -> KT2. | AQ34: =AO34&C34 -> KT2.PX KT2
A35: =A33 -> a | B35: a | C35: SL đào, xén lò | K35: ĐX | V35: =AA35+AE35+AI35+AM35 -> 2700 | X35: =KH_ĐL!BK30 -> 1000 | Y35: =KH_ĐL!BL30 -> 400 | Z35: =KH_ĐL!BM30 -> 600 | AA35: =KH_ĐL!BN30 -> 2000 | AB35: =KH_ĐL!BO30 -> 600 | AC35: =KH_ĐL!BP30 -> 0 | AD35: =KH_ĐL!BQ30 -> 100 | AE35: =KH_ĐL!BR30 -> 700 | ... AH35: =KH_ĐL!BU30 -> 0 | AI35: =KH_ĐL!BV30-100 -> 0 | AJ35: =KH_ĐL!BW30 -> 0 | AK35: =KH_ĐL!BX30 -> 0 | AL35: =KH_ĐL!BY30 -> 0 | AM35: =KH_ĐL!BZ30 -> 0 | AO35: =AO34 -> KT2. | AP35: =AO35&K35 -> KT2.ĐX | AQ35: =AO35&C35 -> KT2.SL đào, xén lò
A36: =A34 -> a | B36: b | C36: KT Lò chợ | V36: =SUM(V37:V43) -> 162300 | X36: =SUM(X37:X43) -> 13700 | Y36: =SUM(Y37:Y43) -> 8800 | Z36: =SUM(Z37:Z43) -> 15000 | AA36: =SUM(AA37:AA43) -> 37500 | AB36: =SUM(AB37:AB43) -> 14500 | AC36: =SUM(AC37:AC43) -> 15000 | AD36: =SUM(AD37:AD43) -> 14300 | AE36: =SUM(AE37:AE43) -> 43800 | ... AM36: =SUM(AM37:AM43) -> 39600 | AO36: =AO35 -> KT2. | AP36: =AO36&K36 -> KT2. | AQ36: =AO36&C36 -> KT2.KT Lò chợ
